<?xml version="1.0" encoding="UTF-8"?>

<!-- generated on 2025-12-12T00:19:28.666355+03:00 by Eclipse SUMO GUI 1.25.0
<sumoConfiguration xmlns:xsi="http://www.w3.org/2001/XMLSchema-instance" xsi:noNamespaceSchemaLocation="http://sumo.dlr.de/xsd/sumoConfiguration.xsd">

    <input>
        <net-file value="C:\Users\ksuzh\my_project\smart_city\data\sumo\osm.net_cut.xml.gz.net"/>
        <route-files value="C:\Users\ksuzh\my_project\smart_city\data\sumo\osm.passenger.trips"/>
        <junction-taz value="true"/>
    </input>

    <output>
        <tripinfo-output value="C:\Users\ksuzh\my_project\smart_city\result\tripinfo_full_1765487967.xml"/>
        <statistic-output value="C:\Users\ksuzh\my_project\smart_city\data\sumo\output/stats.xml"/>
    </output>

    <processing>
        <ignore-route-errors value="true"/>
        <time-to-teleport value="300"/>
        <tls.actuated.jam-threshold value="30"/>
    </processing>

    <report>
        <verbose value="true"/>
        <no-warnings value="true"/>
        <duration-log.statistics value="true"/>
        <no-step-log value="true"/>
    </report>

    <traci_server>
        <remote-port value="56943"/>
    </traci_server>

    <gui_only>
        <quit-on-end value="true"/>
        <start value="true"/>
        <delay value="100"/>
    </gui_only>

</sumoConfiguration>
-->

<statistics xmlns:xsi="http://www.w3.org/2001/XMLSchema-instance" xsi:noNamespaceSchemaLocation="http://sumo.dlr.de/xsd/statistic_file.xsd">
    <performance clockBegin="1389378.15" clockEnd="1389439.95" clockDuration="61.80" traciDuration="48.37" realTimeFactor="8.09" vehicleUpdatesPerSecond="5258.82" personUpdatesPerSecond="0.00" begin="0.00" end="500.00" duration="500.00"/>
    <vehicles loaded="1722" inserted="1566" running="1071" waiting="145"/>
    <teleports total="0" jam="0" yield="0" wrongLane="0"/>
    <safety collisions="0" emergencyStops="9" emergencyBraking="12"/>
    <persons loaded="0" running="0" jammed="0"/>
    <personTeleports total="0" abortWait="0" wrongDest="0"/>
    <vehicleTripStatistics count="495" routeLength="2610.35" speed="10.94" duration="245.08" waitingTime="55.50" timeLoss="88.36" departDelay="4.49" departDelayWaiting="-1.00" totalTravelTime="121316.00" totalDepartDelay="2222.58"/>
    <pedestrianStatistics number="0" routeLength="0.00" duration="0.00" timeLoss="0.00"/>
    <rideStatistics number="0"/>
    <transportStatistics number="0"/>
</statistics>
