<?xml version="1.0" encoding="UTF-8"?>
<routes xmlns:xsi="http://www.w3.org/2001/XMLSchema-instance" xsi:noNamespaceSchemaLocation="http://sumo.dlr.de/xsd/routes_file.xsd">
    
    <!-- Распределение типов транспортных средств для Краснодара -->
    <vTypeDistribution id="krasnodarTraffic">
        <vType id="passenger" vClass="passenger" probability="0.65"/>
        <vType id="taxi" vClass="taxi" probability="0.08"/>
        <vType id="suv" vClass="passenger" probability="0.12"/>
        <vType id="electric" vClass="passenger" probability="0.05"/>
        <vType id="bus" vClass="bus" probability="0.03"/>
        <vType id="delivery" vClass="delivery" probability="0.04"/>
        <vType id="truck" vClass="truck" probability="0.02"/>
        <vType id="motorcycle" vClass="motorcycle" probability="0.005"/>
        <vType id="bicycle" vClass="bicycle" probability="0.005"/>
    </vTypeDistribution>
    
</routes>