<?xml version="1.0" encoding="UTF-8"?>
<vehicleTypes xmlns:xsi="http://www.w3.org/2001/XMLSchema-instance" xsi:noNamespaceSchemaLocation="http://sumo.dlr.de/xsd/vType_file.xsd">
    
    <!-- Легковые автомобили -->
    <vType id="passenger" vClass="passenger" accel="2.6" decel="4.5" sigma="0.5" length="4.3" minGap="2.5" 
           maxSpeed="50" color="50,100,200" guiShape="passenger" emissionClass="HBEFA3/PC_G_EU4">
        <param key="3DModel" value="vehicles/cars/sedan.obj"/>
    </vType>
    
    <vType id="taxi" vClass="taxi" accel="2.8" decel="5.0" sigma="0.4" length="4.3" minGap="2.0" 
           maxSpeed="60" color="255,255,0" guiShape="passenger/sedan" emissionClass="HBEFA3/PC_G_EU4">
        <param key="3DModel" value="vehicles/cars/sedan.obj"/>
    </vType>
    
    <vType id="suv" vClass="passenger" accel="2.4" decel="4.0" sigma="0.4" length="5.0" minGap="2.5" 
           maxSpeed="45" color="30,120,180" guiShape="passenger/hatchback" emissionClass="HBEFA3/PC_G_EU4">
        <param key="3DModel" value="vehicles/cars/sedan.obj"/>
    </vType>
    
    <vType id="electric" vClass="passenger" accel="3.0" decel="5.0" sigma="0.3" length="4.5" minGap="2.0" 
           maxSpeed="60" color="100,200,100" guiShape="evehicle" emissionClass="HBEFA3/PC_G_EU4">
        <param key="3DModel" value="vehicles/cars/sedan.obj"/>
    </vType>
    
    <!-- Автобусы -->
    <vType id="bus" vClass="bus" accel="1.2" decel="3.0" sigma="0.5" length="12.0" minGap="3.0" 
           maxSpeed="40" color="220,50,50" guiShape="bus" emissionClass="HBEFA3/Bus">
        <param key="3DModel" value="vehicles/buses/city_bus.obj"/>
    </vType>
    
    <vType id="minibus" vClass="bus" accel="1.5" decel="3.5" sigma="0.5" length="8.0" minGap="2.5" 
           maxSpeed="45" color="180,60,60" guiShape="bus" emissionClass="HBEFA3/Bus">
        <param key="3DModel" value="vehicles/buses/city_bus.obj"/>
    </vType>
    
    <!-- Грузовики -->
    <vType id="truck" vClass="truck" accel="1.0" decel="2.5" sigma="0.5" length="16.0" minGap="3.0" 
           maxSpeed="35" color="50,180,50" guiShape="truck" emissionClass="HBEFA3/HDV_D_EU4">
        <param key="3DModel" value="vehicles/trucks/delivery_truck.obj"/>
    </vType>
    
    <vType id="delivery" vClass="delivery" accel="1.8" decel="4.0" sigma="0.4" length="6.0" minGap="2.5" 
           maxSpeed="45" color="255,165,0" guiShape="delivery" emissionClass="HBEFA3/LCV_G_EU4">
        <param key="3DModel" value="vehicles/trucks/delivery_truck.obj"/>
    </vType>
    
    <!-- Специальный транспорт -->
    <vType id="emergency" vClass="emergency" accel="3.0" decel="6.0" sigma="0.3" length="5.0" minGap="1.5" 
           maxSpeed="70" color="255,0,0" guiShape="emergency" emissionClass="HBEFA3/PC_G_EU4">
        <param key="has.siren" value="true"/>
    </vType>
    
    <vType id="police" vClass="authority" accel="2.8" decel="5.5" sigma="0.3" length="5.0" minGap="1.5" 
           maxSpeed="65" color="0,0,255" guiShape="police" emissionClass="HBEFA3/PC_G_EU4">
        <param key="has.siren" value="true"/>
    </vType>
    
    <!-- Мотоциклы и велосипеды -->
    <vType id="motorcycle" vClass="motorcycle" accel="3.0" decel="6.0" sigma="0.8" length="2.2" minGap="1.0" 
           maxSpeed="70" color="150,50,200" guiShape="motorcycle" emissionClass="HBEFA3/PC_2S_G_EU4"/>
    
    <vType id="bicycle" vClass="bicycle" accel="0.8" decel="1.5" sigma="1.0" length="1.8" minGap="0.5" 
           maxSpeed="25" color="255,100,100" guiShape="bicycle" emissionClass="zero"/>
    
</vehicleTypes>