[
  {
    "name": "\u041f\u0440\u043e\u0441\u0442\u0430\u044f \u0446\u0438\u043a\u043b\u0438\u0447\u0435\u0441\u043a\u0430\u044f",
    "simulation_time": 16.979411840438843,
    "steps": 1000,
    "config": {},
    "metrics": {
      "total_vehicles": 974,
      "total_cumulative_delay_Zn": 238702.03999999986,
      "average_delay_per_vehicle": 245.07396303901425,
      "total_duration": 391678.0,
      "average_duration": 402.1334702258727,
      "total_route_length": 2518724.9699999904,
      "average_route_length": 2585.959928131407,
      "total_depart_delay": 7815.9800000000005,
      "total_free_flow_time": 181203.23525179803,
      "efficiency": 0.4626331712575075,
      "average_speed_kmh": 23.150163889725654
    }
  },
  {
    "name": "\u0423\u043b\u0443\u0447\u0448\u0435\u043d\u043d\u0430\u044f \u0430\u043b\u0433\u043e\u0440\u0438\u0442\u043c\u0438\u0447\u0435\u0441\u043a\u0430\u044f",
    "simulation_time": 18.71888041496277,
    "steps": 1000,
    "config": {},
    "metrics": {
      "total_vehicles": 568,
      "total_cumulative_delay_Zn": 19395.750000000007,
      "average_delay_per_vehicle": 34.147447183098606,
      "total_duration": 80913.0,
      "average_duration": 142.45246478873239,
      "total_route_length": 972760.879999999,
      "average_route_length": 1712.6071830985898,
      "total_depart_delay": 93.33000000000001,
      "total_free_flow_time": 69982.7971223021,
      "efficiency": 0.8649141315029983,
      "average_speed_kmh": 43.28030314041002
    }
  },
  {
    "name": "\u0423\u043b\u0443\u0447\u0448\u0435\u043d\u043d\u044b\u0439 Q-learning",
    "simulation_time": 22.016915321350098,
    "steps": 1000,
    "config": {},
    "metrics": {
      "total_vehicles": 1301,
      "total_cumulative_delay_Zn": 195036.94999999998,
      "average_delay_per_vehicle": 149.91310530361258,
      "total_duration": 413332.0,
      "average_duration": 317.7033051498847,
      "total_route_length": 3606061.0499999956,
      "average_route_length": 2771.760991544962,
      "total_depart_delay": 5164.309999999999,
      "total_free_flow_time": 259428.85251798597,
      "efficiency": 0.6276524743256897,
      "average_speed_kmh": 31.40772981525743
    }
  },
  {
    "name": "PPO (\u043e\u0431\u0443\u0447\u0435\u043d\u0438\u0435 \u0441 \u043f\u043e\u0434\u043a\u0440\u0435\u043f\u043b\u0435\u043d\u0438\u0435\u043c)",
    "simulation_time": 22.4239501953125,
    "steps": 1000,
    "config": {},
    "metrics": {
      "total_vehicles": 1232,
      "total_cumulative_delay_Zn": 194291.50000000003,
      "average_delay_per_vehicle": 157.70413961038963,
      "total_duration": 400053.0,
      "average_duration": 324.71834415584414,
      "total_route_length": 3397471.439999992,
      "average_route_length": 2757.6878571428506,
      "total_depart_delay": 5044.009999999999,
      "total_free_flow_time": 244422.40575539536,
      "efficiency": 0.6109750601930128,
      "average_speed_kmh": 30.573192012058332
    }
  },
  {
    "name": "\u041c\u0443\u043b\u044c\u0442\u0438\u0430\u0433\u0435\u043d\u0442\u043d\u0430\u044f \u0441\u0438\u0441\u0442\u0435\u043c\u0430",
    "simulation_time": 19.203683376312256,
    "steps": 1000,
    "config": {},
    "metrics": {
      "total_vehicles": 1322,
      "total_cumulative_delay_Zn": 60459.839999999975,
      "average_delay_per_vehicle": 45.73361573373674,
      "total_duration": 303229.0,
      "average_duration": 229.3714069591528,
      "total_route_length": 4003741.819999972,
      "average_route_length": 3028.549031770024,
      "total_depart_delay": 872.0300000000001,
      "total_free_flow_time": 288038.9798561163,
      "efficiency": 0.9499057803050377,
      "average_speed_kmh": 47.533285246463564
    }
  }
]