<?xml version="1.0" encoding="UTF-8"?>
<routes xmlns:xsi="http://www.w3.org/2001/XMLSchema-instance" xsi:noNamespaceSchemaLocation="http://sumo.dlr.de/xsd/routes_file.xsd">
    
    <!-- Типы транспортных средств -->
    <vType id="passenger" vClass="passenger" accel="2.6" decel="4.5" sigma="0.5" length="5.0" minGap="2.5" maxSpeed="50" guiShape="passenger"/>
    <vType id="bus" vClass="bus" accel="1.2" decel="3.0" sigma="0.5" length="12.0" minGap="3.0" maxSpeed="40" guiShape="bus"/>
    <vType id="truck" vClass="truck" accel="1.0" decel="2.5" sigma="0.5" length="16.0" minGap="3.0" maxSpeed="35" guiShape="truck"/>
    
    <!-- Базовые маршруты через сеть -->
    <route id="route0" edges="-1000577763 -1000577766#1 -100275886#1"/>
    <route id="route1" edges="-100275886#2 -100275886#3 -100275886#4"/>
    <route id="route2" edges="-100275886#5 -100275890#1 -100275894"/>
    <route id="route3" edges="-100277414#1 -100277414#2 -100277421#0"/>
    
    <!-- Потоки транспортных средств -->
    <flow id="flow0" type="passenger" route="route0" begin="0" end="3600" period="3" departLane="best" departSpeed="max"/>
    <flow id="flow1" type="passenger" route="route1" begin="0" end="3600" period="5" departLane="best" departSpeed="max"/>
    <flow id="flow2" type="bus" route="route2" begin="0" end="3600" period="30" departLane="best" departSpeed="max"/>
    <flow id="flow3" type="truck" route="route3" begin="0" end="3600" period="20" departLane="best" departSpeed="max"/>
    
</routes>