<?xml version="1.0" encoding="UTF-8"?>
<viewsettings xmlns:xsi="http://www.w3.org/2001/XMLSchema-instance" xsi:noNamespaceSchemaLocation="http://sumo.dlr.de/xsd/viewSettingsFile.xsd">
    <scheme name="krasnodar">
        <background backgroundColor="240,240,240"/>
        <lane colorRoad="100,100,100" colorRailway="150,150,150"/>
        <vehicle colorCar="50,100,200" colorBus="220,50,50" colorTruck="34,139,34"/>
        <junction color="80,80,80"/>
        <poi color="150,100,50"/>
        <poly color="200,200,150"/>
        <tlLogic color="255,200,0"/>
        <detector color="255,165,0"/>
        <selection color="255,255,0,128"/>
    </scheme>
    
    <delay value="100"/>
    
    <viewport zoom="100" x="0" y="0"/>
    
    <edges value="true">
        <showLaneDirection value="false"/>
        <showLinkRules value="true"/>
        <widthExaggeration value="1.5"/>
    </edges>
    
    <vehicles value="true">
        <size value="2.0"/>
        <showBlinker value="true"/>
        <drawCarriages value="true"/>
    </vehicles>
</viewsettings>