<?xml version="1.0" encoding="UTF-8"?>

<!-- generated on 2025-12-14T13:22:25.031214+03:00 by Eclipse SUMO sumo 1.25.0
<sumoConfiguration xmlns:xsi="http://www.w3.org/2001/XMLSchema-instance" xsi:noNamespaceSchemaLocation="http://sumo.dlr.de/xsd/sumoConfiguration.xsd">

    <input>
        <net-file value="C:\Users\ksuzh\my_project_v3\my_project\smart_city\data\sumo\osm.net_cut.xml.gz.net"/>
        <route-files value="C:\Users\ksuzh\my_project_v3\my_project\smart_city\data\sumo\osm.passenger.trips"/>
        <junction-taz value="true"/>
    </input>

    <output>
        <tripinfo-output value="C:\Users\ksuzh\my_project_v3\my_project\smart_city\result\tripinfo_episode_5_1765707744.xml"/>
        <statistic-output value="C:\Users\ksuzh\my_project_v3\my_project\smart_city\data\sumo\output/stats.xml"/>
    </output>

    <processing>
        <ignore-route-errors value="true"/>
        <time-to-teleport value="300"/>
        <tls.actuated.jam-threshold value="30"/>
    </processing>

    <report>
        <verbose value="true"/>
        <no-warnings value="true"/>
        <duration-log.statistics value="true"/>
        <no-step-log value="true"/>
    </report>

    <traci_server>
        <remote-port value="51536"/>
    </traci_server>

</sumoConfiguration>
-->

<tripinfos xmlns:xsi="http://www.w3.org/2001/XMLSchema-instance" xsi:noNamespaceSchemaLocation="http://sumo.dlr.de/xsd/tripinfo_file.xsd">
    <tripinfo id="f_6.1" depart="3.00" departLane="620382518#0_3" departPos="88.00" departSpeed="16.67" departDelay="0.00" arrival="62.00" arrivalLane="806873922_0" arrivalPos="786.16" arrivalSpeed="18.20" duration="59.00" routeLength="1033.00" waitingTime="0.00" waitingCount="0" stopTime="0.00" timeLoss="4.70" rerouteNo="0" devices="tripinfo_f_6.1" vType="DEFAULT_VEHTYPE" speedFactor="1.16" vaporized=""/>
    <tripinfo id="f_6.0" depart="0.00" departLane="620382518#0_2" departPos="6.78" departSpeed="16.67" departDelay="0.00" arrival="68.00" arrivalLane="806873922_0" arrivalPos="786.16" arrivalSpeed="16.91" duration="68.00" routeLength="1117.10" waitingTime="0.00" waitingCount="0" stopTime="0.00" timeLoss="3.48" rerouteNo="0" devices="tripinfo_f_6.0" vType="DEFAULT_VEHTYPE" speedFactor="1.05" vaporized=""/>
    <tripinfo id="f_6.2" depart="6.00" departLane="620382518#0_2" departPos="36.92" departSpeed="15.52" departDelay="0.00" arrival="81.00" arrivalLane="806873922_0" arrivalPos="786.16" arrivalSpeed="14.47" duration="75.00" routeLength="1086.96" waitingTime="0.00" waitingCount="0" stopTime="0.00" timeLoss="4.92" rerouteNo="0" devices="tripinfo_f_6.2" vType="DEFAULT_VEHTYPE" speedFactor="0.93" vaporized=""/>
    <tripinfo id="f_6.5" depart="15.00" departLane="620382518#0_3" departPos="130.60" departSpeed="10.69" departDelay="0.00" arrival="83.00" arrivalLane="806873922_0" arrivalPos="786.16" arrivalSpeed="15.61" duration="68.00" routeLength="990.40" waitingTime="0.00" waitingCount="0" stopTime="0.00" timeLoss="6.68" rerouteNo="0" devices="tripinfo_f_6.5" vType="DEFAULT_VEHTYPE" speedFactor="0.97" vaporized=""/>
    <tripinfo id="f_6.3" depart="9.00" departLane="620382518#0_3" departPos="111.14" departSpeed="15.01" departDelay="0.00" arrival="84.00" arrivalLane="806873922_0" arrivalPos="786.16" arrivalSpeed="14.58" duration="75.00" routeLength="1009.86" waitingTime="0.00" waitingCount="0" stopTime="0.00" timeLoss="7.41" rerouteNo="0" devices="tripinfo_f_6.3" vType="DEFAULT_VEHTYPE" speedFactor="0.90" vaporized=""/>
    <tripinfo id="f_6.6" depart="18.00" departLane="620382518#0_3" departPos="76.51" departSpeed="16.67" departDelay="0.00" arrival="87.00" arrivalLane="806873922_0" arrivalPos="786.16" arrivalSpeed="17.02" duration="69.00" routeLength="1044.49" waitingTime="1.00" waitingCount="1" stopTime="0.00" timeLoss="7.31" rerouteNo="0" devices="tripinfo_f_6.6" vType="DEFAULT_VEHTYPE" speedFactor="1.02" vaporized=""/>
    <tripinfo id="f_6.7" depart="21.00" departLane="620382518#0_2" departPos="94.49" departSpeed="16.67" departDelay="0.00" arrival="89.00" arrivalLane="806873922_1" arrivalPos="786.16" arrivalSpeed="16.68" duration="68.00" routeLength="1029.39" waitingTime="0.00" waitingCount="0" stopTime="0.00" timeLoss="6.13" rerouteNo="0" devices="tripinfo_f_6.7" vType="DEFAULT_VEHTYPE" speedFactor="1.01" vaporized=""/>
    <tripinfo id="f_6.4" depart="12.00" departLane="620382518#0_2" departPos="67.44" departSpeed="14.25" departDelay="0.00" arrival="91.00" arrivalLane="806873922_0" arrivalPos="786.16" arrivalSpeed="13.03" duration="79.00" routeLength="1056.44" waitingTime="0.00" waitingCount="0" stopTime="0.00" timeLoss="4.39" rerouteNo="0" devices="tripinfo_f_6.4" vType="DEFAULT_VEHTYPE" speedFactor="0.85" vaporized=""/>
    <tripinfo id="f_6.9" depart="27.00" departLane="620382518#0_3" departPos="23.73" departSpeed="16.67" departDelay="0.00" arrival="94.00" arrivalLane="806873922_0" arrivalPos="786.16" arrivalSpeed="16.79" duration="67.00" routeLength="1097.27" waitingTime="0.00" waitingCount="0" stopTime="0.00" timeLoss="5.00" rerouteNo="0" devices="tripinfo_f_6.9" vType="DEFAULT_VEHTYPE" speedFactor="1.06" vaporized=""/>
    <tripinfo id="f_6.11" depart="33.00" departLane="620382518#0_3" departPos="33.28" departSpeed="16.07" departDelay="0.00" arrival="106.00" arrivalLane="806873922_1" arrivalPos="786.16" arrivalSpeed="15.99" duration="73.00" routeLength="1087.72" waitingTime="0.00" waitingCount="0" stopTime="0.00" timeLoss="8.27" rerouteNo="0" devices="tripinfo_f_6.11" vType="DEFAULT_VEHTYPE" speedFactor="1.01" vaporized=""/>
    <tripinfo id="f_6.8" depart="24.00" departLane="620382518#0_2" departPos="45.01" departSpeed="11.48" departDelay="0.00" arrival="107.00" arrivalLane="806873922_0" arrivalPos="786.16" arrivalSpeed="13.65" duration="83.00" routeLength="1078.87" waitingTime="3.00" waitingCount="1" stopTime="0.00" timeLoss="9.50" rerouteNo="0" devices="tripinfo_f_6.8" vType="DEFAULT_VEHTYPE" speedFactor="0.89" vaporized=""/>
    <tripinfo id="veh205" depart="50.00" departLane="196896350_0" departPos="5.10" departSpeed="0.00" departDelay="0.90" arrival="108.00" arrivalLane="150316518#0_0" arrivalPos="217.23" arrivalSpeed="11.75" duration="58.00" routeLength="698.48" waitingTime="0.00" waitingCount="0" stopTime="0.00" timeLoss="6.01" rerouteNo="1" devices="tripinfo_veh205 routing_veh205" vType="veh_passenger" speedFactor="0.87" vaporized=""/>
    <tripinfo id="f_6.13" depart="39.00" departLane="620382518#0_2" departPos="45.91" departSpeed="11.51" departDelay="0.00" arrival="108.00" arrivalLane="806873922_1" arrivalPos="786.16" arrivalSpeed="17.11" duration="69.00" routeLength="1075.09" waitingTime="0.00" waitingCount="0" stopTime="0.00" timeLoss="8.28" rerouteNo="0" devices="tripinfo_f_6.13" vType="DEFAULT_VEHTYPE" speedFactor="1.07" vaporized=""/>
    <tripinfo id="f_6.10" depart="30.00" departLane="620382518#0_2" departPos="102.19" departSpeed="14.62" departDelay="0.00" arrival="109.00" arrivalLane="806873922_0" arrivalPos="786.16" arrivalSpeed="14.22" duration="79.00" routeLength="1018.81" waitingTime="2.00" waitingCount="2" stopTime="0.00" timeLoss="12.36" rerouteNo="0" devices="tripinfo_f_6.10" vType="DEFAULT_VEHTYPE" speedFactor="0.93" vaporized=""/>
    <tripinfo id="f_6.14" depart="42.00" departLane="620382518#0_3" departPos="27.35" departSpeed="5.64" departDelay="0.00" arrival="111.00" arrivalLane="806873922_0" arrivalPos="786.16" arrivalSpeed="17.85" duration="69.00" routeLength="1093.65" waitingTime="0.00" waitingCount="0" stopTime="0.00" timeLoss="7.85" rerouteNo="0" devices="tripinfo_f_6.14" vType="DEFAULT_VEHTYPE" speedFactor="1.08" vaporized=""/>
    <tripinfo id="f_6.16" depart="48.00" departLane="620382518#0_2" departPos="12.83" departSpeed="13.93" departDelay="0.00" arrival="117.00" arrivalLane="806873922_0" arrivalPos="786.16" arrivalSpeed="16.91" duration="69.00" routeLength="1108.17" waitingTime="0.00" waitingCount="0" stopTime="0.00" timeLoss="6.73" rerouteNo="0" devices="tripinfo_f_6.16" vType="DEFAULT_VEHTYPE" speedFactor="1.08" vaporized=""/>
    <tripinfo id="f_6.18" depart="54.00" departLane="620382518#0_3" departPos="87.26" departSpeed="16.87" departDelay="0.00" arrival="118.00" arrivalLane="806873922_1" arrivalPos="786.16" arrivalSpeed="17.49" duration="64.00" routeLength="1033.74" waitingTime="0.00" waitingCount="0" stopTime="0.00" timeLoss="7.94" rerouteNo="0" devices="tripinfo_f_6.18" vType="DEFAULT_VEHTYPE" speedFactor="1.11" vaporized=""/>
    <tripinfo id="f_6.21" depart="63.00" departLane="620382518#0_3" departPos="104.33" departSpeed="8.26" departDelay="0.00" arrival="122.00" arrivalLane="806873922_1" arrivalPos="786.16" arrivalSpeed="18.83" duration="59.00" routeLength="1016.67" waitingTime="0.00" waitingCount="0" stopTime="0.00" timeLoss="5.87" rerouteNo="0" devices="tripinfo_f_6.21" vType="DEFAULT_VEHTYPE" speedFactor="1.15" vaporized=""/>
    <tripinfo id="f_6.20" depart="60.00" departLane="620382518#0_3" departPos="44.20" departSpeed="1.69" departDelay="0.00" arrival="129.00" arrivalLane="806873922_1" arrivalPos="786.16" arrivalSpeed="17.66" duration="69.00" routeLength="1076.80" waitingTime="0.00" waitingCount="0" stopTime="0.00" timeLoss="7.74" rerouteNo="0" devices="tripinfo_f_6.20" vType="DEFAULT_VEHTYPE" speedFactor="1.06" vaporized=""/>
    <tripinfo id="f_6.12" depart="36.00" departLane="620382518#0_2" departPos="88.93" departSpeed="12.23" departDelay="0.00" arrival="130.00" arrivalLane="806873922_0" arrivalPos="786.16" arrivalSpeed="11.14" duration="94.00" routeLength="1034.95" waitingTime="1.00" waitingCount="1" stopTime="0.00" timeLoss="8.58" rerouteNo="0" devices="tripinfo_f_6.12" vType="DEFAULT_VEHTYPE" speedFactor="0.73" vaporized=""/>
    <tripinfo id="f_6.19" depart="57.00" departLane="620382518#0_2" departPos="3.56" departSpeed="7.32" departDelay="0.00" arrival="130.00" arrivalLane="806873922_1" arrivalPos="786.16" arrivalSpeed="17.90" duration="73.00" routeLength="1120.32" waitingTime="1.00" waitingCount="1" stopTime="0.00" timeLoss="12.14" rerouteNo="0" devices="tripinfo_f_6.19" vType="DEFAULT_VEHTYPE" speedFactor="1.10" vaporized=""/>
    <tripinfo id="f_6.15" depart="45.00" departLane="620382518#0_2" departPos="4.15" departSpeed="14.88" departDelay="0.00" arrival="132.00" arrivalLane="806873922_0" arrivalPos="786.16" arrivalSpeed="13.72" duration="87.00" routeLength="1119.73" waitingTime="2.00" waitingCount="1" stopTime="0.00" timeLoss="10.73" rerouteNo="0" devices="tripinfo_f_6.15" vType="DEFAULT_VEHTYPE" speedFactor="0.89" vaporized=""/>
    <tripinfo id="f_6.17" depart="51.00" departLane="620382518#0_2" departPos="11.93" departSpeed="14.27" departDelay="0.00" arrival="135.00" arrivalLane="806873922_0" arrivalPos="786.16" arrivalSpeed="15.28" duration="84.00" routeLength="1111.95" waitingTime="1.00" waitingCount="1" stopTime="0.00" timeLoss="11.30" rerouteNo="0" devices="tripinfo_f_6.17" vType="DEFAULT_VEHTYPE" speedFactor="0.93" vaporized=""/>
    <tripinfo id="f_6.22" depart="66.00" departLane="620382518#0_2" departPos="98.72" departSpeed="11.72" departDelay="0.00" arrival="138.00" arrivalLane="806873922_0" arrivalPos="786.16" arrivalSpeed="15.69" duration="72.00" routeLength="1022.28" waitingTime="0.00" waitingCount="0" stopTime="0.00" timeLoss="7.95" rerouteNo="0" devices="tripinfo_f_6.22" vType="DEFAULT_VEHTYPE" speedFactor="0.97" vaporized=""/>
    <tripinfo id="f_11.0" depart="0.00" departLane="28057733_0" departPos="5.10" departSpeed="0.00" departDelay="0.00" arrival="145.00" arrivalLane="260318194#0.1430_0" arrivalPos="56.80" arrivalSpeed="14.89" duration="145.00" routeLength="2028.12" waitingTime="1.00" waitingCount="1" stopTime="0.00" timeLoss="14.06" rerouteNo="1" devices="tripinfo_f_11.0 routing_f_11.0" vType="DEFAULT_VEHTYPE" speedFactor="0.94" vaporized=""/>
    <tripinfo id="f_6.24" depart="72.00" departLane="620382518#0_2" departPos="71.60" departSpeed="16.08" departDelay="0.00" arrival="147.00" arrivalLane="806873922_0" arrivalPos="786.16" arrivalSpeed="15.98" duration="75.00" routeLength="1052.28" waitingTime="0.00" waitingCount="0" stopTime="0.00" timeLoss="9.05" rerouteNo="0" devices="tripinfo_f_6.24" vType="DEFAULT_VEHTYPE" speedFactor="0.96" vaporized=""/>
    <tripinfo id="f_11.2" depart="9.00" departLane="28057733_0" departPos="5.10" departSpeed="0.00" departDelay="0.00" arrival="149.00" arrivalLane="260318194#0.1430_0" arrivalPos="56.80" arrivalSpeed="15.70" duration="140.00" routeLength="2028.12" waitingTime="4.00" waitingCount="1" stopTime="0.00" timeLoss="16.32" rerouteNo="1" devices="tripinfo_f_11.2 routing_f_11.2" vType="DEFAULT_VEHTYPE" speedFactor="0.99" vaporized=""/>
    <tripinfo id="f_6.23" depart="69.00" departLane="620382518#0_3" departPos="41.94" departSpeed="10.46" departDelay="0.00" arrival="149.00" arrivalLane="806873922_1" arrivalPos="786.16" arrivalSpeed="14.67" duration="80.00" routeLength="1079.06" waitingTime="1.00" waitingCount="1" stopTime="0.00" timeLoss="9.80" rerouteNo="0" devices="tripinfo_f_6.23" vType="DEFAULT_VEHTYPE" speedFactor="0.93" vaporized=""/>
    <tripinfo id="f_6.25" depart="75.00" departLane="620382518#0_2" departPos="58.27" departSpeed="15.16" departDelay="0.00" arrival="149.00" arrivalLane="806873922_0" arrivalPos="786.16" arrivalSpeed="16.34" duration="74.00" routeLength="1065.61" waitingTime="0.00" waitingCount="0" stopTime="0.00" timeLoss="12.33" rerouteNo="0" devices="tripinfo_f_6.25" vType="DEFAULT_VEHTYPE" speedFactor="1.05" vaporized=""/>
    <tripinfo id="f_6.26" depart="78.00" departLane="620382518#0_3" departPos="98.94" departSpeed="15.77" departDelay="0.00" arrival="150.00" arrivalLane="806873922_1" arrivalPos="786.16" arrivalSpeed="14.59" duration="72.00" routeLength="1022.06" waitingTime="0.00" waitingCount="0" stopTime="0.00" timeLoss="7.14" rerouteNo="0" devices="tripinfo_f_6.26" vType="DEFAULT_VEHTYPE" speedFactor="0.95" vaporized=""/>
    <tripinfo id="f_6.27" depart="81.00" departLane="620382518#0_2" departPos="41.36" departSpeed="7.89" departDelay="0.00" arrival="150.00" arrivalLane="806873922_0" arrivalPos="786.16" arrivalSpeed="17.10" duration="69.00" routeLength="1082.52" waitingTime="0.00" waitingCount="0" stopTime="0.00" timeLoss="9.46" rerouteNo="0" devices="tripinfo_f_6.27" vType="DEFAULT_VEHTYPE" speedFactor="1.09" vaporized=""/>
    <tripinfo id="f_11.1" depart="5.00" departLane="28057733_0" departPos="5.10" departSpeed="0.00" departDelay="0.50" arrival="151.00" arrivalLane="260318194#0.1430_0" arrivalPos="56.80" arrivalSpeed="15.93" duration="146.00" routeLength="2033.21" waitingTime="2.00" waitingCount="2" stopTime="0.00" timeLoss="19.82" rerouteNo="1" devices="tripinfo_f_11.1 routing_f_11.1" vType="DEFAULT_VEHTYPE" speedFactor="0.97" vaporized=""/>
    <tripinfo id="f_11.3" depart="14.00" departLane="28057733_0" departPos="5.10" departSpeed="0.00" departDelay="0.50" arrival="151.00" arrivalLane="260318194#0.1430_1" arrivalPos="56.80" arrivalSpeed="16.31" duration="137.00" routeLength="2028.12" waitingTime="0.00" waitingCount="0" stopTime="0.00" timeLoss="16.66" rerouteNo="1" devices="tripinfo_f_11.3 routing_f_11.3" vType="DEFAULT_VEHTYPE" speedFactor="1.02" vaporized=""/>
    <tripinfo id="f_6.28" depart="84.00" departLane="620382518#0_3" departPos="146.32" departSpeed="2.84" departDelay="0.00" arrival="152.00" arrivalLane="806873922_1" arrivalPos="786.16" arrivalSpeed="16.88" duration="68.00" routeLength="974.68" waitingTime="0.00" waitingCount="0" stopTime="0.00" timeLoss="11.38" rerouteNo="0" devices="tripinfo_f_6.28" vType="DEFAULT_VEHTYPE" speedFactor="1.04" vaporized=""/>
    <tripinfo id="f_6.29" depart="87.00" departLane="620382518#0_3" departPos="134.75" departSpeed="9.30" departDelay="0.00" arrival="153.00" arrivalLane="806873922_0" arrivalPos="786.16" arrivalSpeed="18.33" duration="66.00" routeLength="986.25" waitingTime="1.00" waitingCount="1" stopTime="0.00" timeLoss="11.94" rerouteNo="0" devices="tripinfo_f_6.29" vType="DEFAULT_VEHTYPE" speedFactor="1.11" vaporized=""/>
    <tripinfo id="f_11.4" depart="18.00" departLane="28057733_0" departPos="5.10" departSpeed="0.00" departDelay="0.00" arrival="160.00" arrivalLane="260318194#0.1430_0" arrivalPos="56.80" arrivalSpeed="16.38" duration="142.00" routeLength="2028.12" waitingTime="1.00" waitingCount="1" stopTime="0.00" timeLoss="17.15" rerouteNo="1" devices="tripinfo_f_11.4 routing_f_11.4" vType="DEFAULT_VEHTYPE" speedFactor="0.99" vaporized=""/>
    <tripinfo id="f_11.6" depart="27.00" departLane="28057733_0" departPos="5.10" departSpeed="0.00" departDelay="0.00" arrival="160.00" arrivalLane="260318194#0.1430_1" arrivalPos="56.80" arrivalSpeed="16.89" duration="133.00" routeLength="2028.12" waitingTime="0.00" waitingCount="0" stopTime="0.00" timeLoss="20.56" rerouteNo="1" devices="tripinfo_f_11.6 routing_f_11.6" vType="DEFAULT_VEHTYPE" speedFactor="1.09" vaporized=""/>
    <tripinfo id="f_11.8" depart="36.00" departLane="28057733_0" departPos="5.10" departSpeed="0.00" departDelay="0.00" arrival="161.00" arrivalLane="260318194#0.1430_2" arrivalPos="56.80" arrivalSpeed="19.28" duration="125.00" routeLength="2028.12" waitingTime="0.00" waitingCount="0" stopTime="0.00" timeLoss="25.29" rerouteNo="1" devices="tripinfo_f_11.8 routing_f_11.8" vType="DEFAULT_VEHTYPE" speedFactor="1.23" vaporized=""/>
    <tripinfo id="f_3.0" depart="0.00" departLane="28057733_1" departPos="5.10" departSpeed="0.00" departDelay="0.00" arrival="162.00" arrivalLane="806873922_0" arrivalPos="786.16" arrivalSpeed="16.37" duration="162.00" routeLength="2453.24" waitingTime="1.00" waitingCount="1" stopTime="0.00" timeLoss="18.34" rerouteNo="1" devices="tripinfo_f_3.0 routing_f_3.0" vType="DEFAULT_VEHTYPE" speedFactor="1.03" vaporized=""/>
    <tripinfo id="f_11.5" depart="23.00" departLane="28057733_0" departPos="5.10" departSpeed="0.00" departDelay="0.50" arrival="166.00" arrivalLane="260318194#0.1430_0" arrivalPos="56.80" arrivalSpeed="15.75" duration="143.00" routeLength="2028.12" waitingTime="0.00" waitingCount="0" stopTime="0.00" timeLoss="15.75" rerouteNo="1" devices="tripinfo_f_11.5 routing_f_11.5" vType="DEFAULT_VEHTYPE" speedFactor="0.97" vaporized=""/>
    <tripinfo id="f_6.32" depart="96.00" departLane="620382518#0_3" departPos="48.24" departSpeed="16.35" departDelay="0.00" arrival="167.00" arrivalLane="806873922_0" arrivalPos="786.16" arrivalSpeed="15.23" duration="71.00" routeLength="1072.76" waitingTime="0.00" waitingCount="0" stopTime="0.00" timeLoss="4.87" rerouteNo="0" devices="tripinfo_f_6.32" vType="DEFAULT_VEHTYPE" speedFactor="0.98" vaporized=""/>
    <tripinfo id="f_11.7" depart="32.00" departLane="28057733_0" departPos="5.10" departSpeed="0.00" departDelay="0.50" arrival="168.00" arrivalLane="260318194#0.1430_0" arrivalPos="56.80" arrivalSpeed="17.05" duration="136.00" routeLength="2028.12" waitingTime="1.00" waitingCount="1" stopTime="0.00" timeLoss="19.86" rerouteNo="1" devices="tripinfo_f_11.7 routing_f_11.7" vType="DEFAULT_VEHTYPE" speedFactor="1.06" vaporized=""/>
    <tripinfo id="f_6.30" depart="90.00" departLane="620382518#0_3" departPos="98.24" departSpeed="13.75" departDelay="0.00" arrival="171.00" arrivalLane="806873922_0" arrivalPos="786.16" arrivalSpeed="12.74" duration="81.00" routeLength="1022.76" waitingTime="0.00" waitingCount="0" stopTime="0.00" timeLoss="6.60" rerouteNo="0" devices="tripinfo_f_6.30" vType="DEFAULT_VEHTYPE" speedFactor="0.82" vaporized=""/>
    <tripinfo id="f_11.9" depart="41.00" departLane="28057733_0" departPos="5.10" departSpeed="0.00" departDelay="0.50" arrival="172.00" arrivalLane="260318194#0.1430_0" arrivalPos="56.80" arrivalSpeed="18.57" duration="131.00" routeLength="2028.12" waitingTime="0.00" waitingCount="0" stopTime="0.00" timeLoss="22.12" rerouteNo="1" devices="tripinfo_f_11.9 routing_f_11.9" vType="DEFAULT_VEHTYPE" speedFactor="1.12" vaporized=""/>
    <tripinfo id="f_6.31" depart="93.00" departLane="620382518#0_2" departPos="72.55" departSpeed="16.67" departDelay="0.00" arrival="173.00" arrivalLane="806873922_0" arrivalPos="786.16" arrivalSpeed="16.41" duration="80.00" routeLength="1051.33" waitingTime="2.00" waitingCount="1" stopTime="0.00" timeLoss="17.95" rerouteNo="0" devices="tripinfo_f_6.31" vType="DEFAULT_VEHTYPE" speedFactor="1.02" vaporized=""/>
    <tripinfo id="f_6.33" depart="99.00" departLane="620382518#0_2" departPos="23.51" departSpeed="3.31" departDelay="0.00" arrival="176.00" arrivalLane="806873922_0" arrivalPos="786.16" arrivalSpeed="16.20" duration="77.00" routeLength="1100.37" waitingTime="1.00" waitingCount="1" stopTime="0.00" timeLoss="13.05" rerouteNo="0" devices="tripinfo_f_6.33" vType="DEFAULT_VEHTYPE" speedFactor="1.03" vaporized=""/>
    <tripinfo id="f_6.35" depart="105.00" departLane="620382518#0_2" departPos="28.42" departSpeed="14.03" departDelay="0.00" arrival="176.00" arrivalLane="806873922_1" arrivalPos="786.16" arrivalSpeed="18.14" duration="71.00" routeLength="1095.46" waitingTime="0.00" waitingCount="0" stopTime="0.00" timeLoss="11.44" rerouteNo="0" devices="tripinfo_f_6.35" vType="DEFAULT_VEHTYPE" speedFactor="1.11" vaporized=""/>
    <tripinfo id="f_10.1" depart="9.00" departLane="-725375416#6_0" departPos="5.10" departSpeed="0.00" departDelay="1.80" arrival="177.00" arrivalLane="-1163561344_1" arrivalPos="585.89" arrivalSpeed="18.10" duration="168.00" routeLength="2494.89" waitingTime="3.00" waitingCount="1" stopTime="0.00" timeLoss="37.52" rerouteNo="0" devices="tripinfo_f_10.1" vType="DEFAULT_VEHTYPE" speedFactor="1.15" vaporized=""/>
    <tripinfo id="f_6.36" depart="108.00" departLane="620382518#0_3" departPos="84.96" departSpeed="16.67" departDelay="0.00" arrival="179.00" arrivalLane="806873922_1" arrivalPos="786.16" arrivalSpeed="16.87" duration="71.00" routeLength="1036.04" waitingTime="0.00" waitingCount="0" stopTime="0.00" timeLoss="11.93" rerouteNo="0" devices="tripinfo_f_6.36" vType="DEFAULT_VEHTYPE" speedFactor="1.06" vaporized=""/>
    <tripinfo id="f_10.0" depart="0.00" departLane="-725375416#6_0" departPos="5.10" departSpeed="0.00" departDelay="0.00" arrival="180.00" arrivalLane="-1163561344_0" arrivalPos="585.89" arrivalSpeed="14.53" duration="180.00" routeLength="2494.89" waitingTime="0.00" waitingCount="0" stopTime="0.00" timeLoss="18.99" rerouteNo="0" devices="tripinfo_f_10.0" vType="DEFAULT_VEHTYPE" speedFactor="0.94" vaporized=""/>
    <tripinfo id="f_6.37" depart="111.00" departLane="620382518#0_3" departPos="111.81" departSpeed="13.71" departDelay="0.00" arrival="181.00" arrivalLane="806873922_1" arrivalPos="786.16" arrivalSpeed="18.10" duration="70.00" routeLength="1009.19" waitingTime="0.00" waitingCount="0" stopTime="0.00" timeLoss="15.13" rerouteNo="0" devices="tripinfo_f_6.37" vType="DEFAULT_VEHTYPE" speedFactor="1.12" vaporized=""/>
    <tripinfo id="f_9.0" depart="3.00" departLane="-725375416#6_1" departPos="5.10" departSpeed="0.00" departDelay="3.00" arrival="182.00" arrivalLane="-376377928#2_0" arrivalPos="546.15" arrivalSpeed="14.68" duration="179.00" routeLength="2457.40" waitingTime="4.00" waitingCount="1" stopTime="0.00" timeLoss="19.09" rerouteNo="0" devices="tripinfo_f_9.0" vType="DEFAULT_VEHTYPE" speedFactor="0.93" vaporized=""/>
    <tripinfo id="f_6.34" depart="102.00" departLane="620382518#0_2" departPos="126.90" departSpeed="8.99" departDelay="0.00" arrival="182.00" arrivalLane="806873922_0" arrivalPos="786.16" arrivalSpeed="14.80" duration="80.00" routeLength="994.10" waitingTime="2.00" waitingCount="1" stopTime="0.00" timeLoss="13.54" rerouteNo="0" devices="tripinfo_f_6.34" vType="DEFAULT_VEHTYPE" speedFactor="0.90" vaporized=""/>
    <tripinfo id="f_0.0" depart="0.00" departLane="1333603839_1" departPos="363.59" departSpeed="16.67" departDelay="0.00" arrival="183.00" arrivalLane="-376377928#2_1" arrivalPos="546.15" arrivalSpeed="17.32" duration="183.00" routeLength="2955.82" waitingTime="0.00" waitingCount="0" stopTime="0.00" timeLoss="11.51" rerouteNo="0" devices="tripinfo_f_0.0" vType="DEFAULT_VEHTYPE" speedFactor="1.05" vaporized=""/>
    <tripinfo id="f_11.10" depart="45.00" departLane="28057733_0" departPos="5.10" departSpeed="0.00" departDelay="0.00" arrival="185.00" arrivalLane="260318194#0.1430_0" arrivalPos="56.80" arrivalSpeed="16.85" duration="140.00" routeLength="2028.12" waitingTime="0.00" waitingCount="0" stopTime="0.00" timeLoss="21.02" rerouteNo="1" devices="tripinfo_f_11.10 routing_f_11.10" vType="DEFAULT_VEHTYPE" speedFactor="1.03" vaporized=""/>
    <tripinfo id="f_6.38" depart="114.00" departLane="620382518#0_3" departPos="87.77" departSpeed="6.33" departDelay="0.00" arrival="188.00" arrivalLane="806873922_0" arrivalPos="786.16" arrivalSpeed="16.76" duration="74.00" routeLength="1033.23" waitingTime="2.00" waitingCount="1" stopTime="0.00" timeLoss="12.17" rerouteNo="0" devices="tripinfo_f_6.38" vType="DEFAULT_VEHTYPE" speedFactor="1.02" vaporized=""/>
    <tripinfo id="f_5.2" depart="10.00" departLane="311744445#0_0" departPos="5.10" departSpeed="0.00" departDelay="0.40" arrival="189.00" arrivalLane="260318194#0.1430_0" arrivalPos="56.80" arrivalSpeed="17.01" duration="179.00" routeLength="2810.54" waitingTime="4.00" waitingCount="1" stopTime="0.00" timeLoss="22.72" rerouteNo="1" devices="tripinfo_f_5.2 routing_f_5.2" vType="DEFAULT_VEHTYPE" speedFactor="1.09" vaporized=""/>
    <tripinfo id="f_6.40" depart="120.00" departLane="620382518#0_2" departPos="86.39" departSpeed="8.21" departDelay="0.00" arrival="190.00" arrivalLane="806873922_0" arrivalPos="786.16" arrivalSpeed="16.41" duration="70.00" routeLength="1037.49" waitingTime="0.00" waitingCount="0" stopTime="0.00" timeLoss="7.28" rerouteNo="0" devices="tripinfo_f_6.40" vType="DEFAULT_VEHTYPE" speedFactor="1.01" vaporized=""/>
