<?xml version="1.0" encoding="UTF-8"?>

<!-- generated on 2025-12-14T18:36:20.772667+03:00 by Eclipse SUMO GUI 1.25.0
<sumoConfiguration xmlns:xsi="http://www.w3.org/2001/XMLSchema-instance" xsi:noNamespaceSchemaLocation="http://sumo.dlr.de/xsd/sumoConfiguration.xsd">

    <input>
        <net-file value="C:\Users\ksuzh\my_project_v3\my_project_v3\my_project\smart_city\data\sumo\osm.net_cut.xml.gz.net"/>
        <route-files value="C:\Users\ksuzh\my_project_v3\my_project_v3\my_project\smart_city\data\sumo\osm.passenger.trips"/>
        <junction-taz value="true"/>
    </input>

    <output>
        <tripinfo-output value="C:\Users\ksuzh\my_project_v3\my_project_v3\my_project\smart_city\result\tripinfo_Простая циклическая_1765726579.xml"/>
        <statistic-output value="C:\Users\ksuzh\my_project_v3\my_project_v3\my_project\smart_city\data\sumo\output/stats.xml"/>
    </output>

    <processing>
        <ignore-route-errors value="true"/>
        <time-to-teleport value="300"/>
        <tls.actuated.jam-threshold value="30"/>
    </processing>

    <report>
        <verbose value="true"/>
        <no-warnings value="true"/>
        <duration-log.statistics value="true"/>
        <no-step-log value="true"/>
    </report>

    <traci_server>
        <remote-port value="18529"/>
    </traci_server>

    <gui_only>
        <quit-on-end value="true"/>
        <start value="true"/>
        <delay value="100"/>
    </gui_only>

</sumoConfiguration>
-->

<tripinfos xmlns:xsi="http://www.w3.org/2001/XMLSchema-instance" xsi:noNamespaceSchemaLocation="http://sumo.dlr.de/xsd/tripinfo_file.xsd">
    <tripinfo id="f_6.1" depart="3.00" departLane="620382518#0_3" departPos="88.00" departSpeed="16.67" departDelay="0.00" arrival="62.00" arrivalLane="806873922_0" arrivalPos="786.16" arrivalSpeed="18.26" duration="59.00" routeLength="1033.00" waitingTime="0.00" waitingCount="0" stopTime="0.00" timeLoss="4.77" rerouteNo="0" devices="tripinfo_f_6.1" vType="DEFAULT_VEHTYPE" speedFactor="1.16" vaporized=""/>
    <tripinfo id="f_6.0" depart="0.00" departLane="620382518#0_2" departPos="6.78" departSpeed="16.67" departDelay="0.00" arrival="70.00" arrivalLane="806873922_0" arrivalPos="786.16" arrivalSpeed="16.30" duration="70.00" routeLength="1117.10" waitingTime="0.00" waitingCount="0" stopTime="0.00" timeLoss="5.45" rerouteNo="0" devices="tripinfo_f_6.0" vType="DEFAULT_VEHTYPE" speedFactor="1.05" vaporized=""/>
    <tripinfo id="f_6.2" depart="6.00" departLane="620382518#0_2" departPos="36.92" departSpeed="15.52" departDelay="0.00" arrival="82.00" arrivalLane="806873922_1" arrivalPos="786.16" arrivalSpeed="14.76" duration="76.00" routeLength="1086.96" waitingTime="0.00" waitingCount="0" stopTime="0.00" timeLoss="5.60" rerouteNo="0" devices="tripinfo_f_6.2" vType="DEFAULT_VEHTYPE" speedFactor="0.93" vaporized=""/>
    <tripinfo id="f_6.3" depart="9.00" departLane="620382518#0_3" departPos="111.14" departSpeed="15.01" departDelay="0.00" arrival="82.00" arrivalLane="806873922_0" arrivalPos="786.16" arrivalSpeed="14.82" duration="73.00" routeLength="1009.86" waitingTime="0.00" waitingCount="0" stopTime="0.00" timeLoss="4.85" rerouteNo="0" devices="tripinfo_f_6.3" vType="DEFAULT_VEHTYPE" speedFactor="0.90" vaporized=""/>
    <tripinfo id="f_6.5" depart="15.00" departLane="620382518#0_2" departPos="130.60" departSpeed="10.69" departDelay="0.00" arrival="83.00" arrivalLane="806873922_0" arrivalPos="786.16" arrivalSpeed="16.11" duration="68.00" routeLength="993.28" waitingTime="0.00" waitingCount="0" stopTime="0.00" timeLoss="6.29" rerouteNo="0" devices="tripinfo_f_6.5" vType="DEFAULT_VEHTYPE" speedFactor="0.97" vaporized=""/>
    <tripinfo id="f_6.6" depart="18.00" departLane="620382518#0_2" departPos="76.51" departSpeed="16.67" departDelay="0.00" arrival="84.00" arrivalLane="806873922_1" arrivalPos="786.16" arrivalSpeed="16.56" duration="66.00" routeLength="1047.37" waitingTime="0.00" waitingCount="0" stopTime="0.00" timeLoss="3.75" rerouteNo="0" devices="tripinfo_f_6.6" vType="DEFAULT_VEHTYPE" speedFactor="1.02" vaporized=""/>
    <tripinfo id="f_6.7" depart="21.00" departLane="620382518#0_3" departPos="94.49" departSpeed="16.67" departDelay="0.00" arrival="86.00" arrivalLane="806873922_0" arrivalPos="786.16" arrivalSpeed="16.44" duration="65.00" routeLength="1026.51" waitingTime="0.00" waitingCount="0" stopTime="0.00" timeLoss="2.96" rerouteNo="0" devices="tripinfo_f_6.7" vType="DEFAULT_VEHTYPE" speedFactor="1.01" vaporized=""/>
    <tripinfo id="f_6.4" depart="12.00" departLane="620382518#0_3" departPos="67.44" departSpeed="14.25" departDelay="0.00" arrival="92.00" arrivalLane="806873922_0" arrivalPos="786.16" arrivalSpeed="13.20" duration="80.00" routeLength="1053.56" waitingTime="0.00" waitingCount="0" stopTime="0.00" timeLoss="5.52" rerouteNo="0" devices="tripinfo_f_6.4" vType="DEFAULT_VEHTYPE" speedFactor="0.85" vaporized=""/>
    <tripinfo id="f_6.9" depart="27.00" departLane="620382518#0_3" departPos="23.73" departSpeed="16.67" departDelay="0.00" arrival="92.00" arrivalLane="806873922_1" arrivalPos="786.16" arrivalSpeed="17.44" duration="65.00" routeLength="1097.27" waitingTime="0.00" waitingCount="0" stopTime="0.00" timeLoss="2.39" rerouteNo="0" devices="tripinfo_f_6.9" vType="DEFAULT_VEHTYPE" speedFactor="1.06" vaporized=""/>
    <tripinfo id="f_6.8" depart="24.00" departLane="620382518#0_2" departPos="45.01" departSpeed="14.87" departDelay="0.00" arrival="101.00" arrivalLane="806873922_0" arrivalPos="786.16" arrivalSpeed="14.29" duration="77.00" routeLength="1078.87" waitingTime="0.00" waitingCount="0" stopTime="0.00" timeLoss="3.69" rerouteNo="0" devices="tripinfo_f_6.8" vType="DEFAULT_VEHTYPE" speedFactor="0.89" vaporized=""/>
    <tripinfo id="f_6.10" depart="30.00" departLane="620382518#0_2" departPos="102.19" departSpeed="14.19" departDelay="0.00" arrival="101.00" arrivalLane="806873922_1" arrivalPos="786.16" arrivalSpeed="14.62" duration="71.00" routeLength="1021.69" waitingTime="0.00" waitingCount="0" stopTime="0.00" timeLoss="4.08" rerouteNo="0" devices="tripinfo_f_6.10" vType="DEFAULT_VEHTYPE" speedFactor="0.93" vaporized=""/>
    <tripinfo id="f_6.11" depart="33.00" departLane="620382518#0_2" departPos="33.28" departSpeed="14.95" departDelay="0.00" arrival="102.00" arrivalLane="806873922_0" arrivalPos="786.16" arrivalSpeed="15.25" duration="69.00" routeLength="1090.60" waitingTime="0.00" waitingCount="0" stopTime="0.00" timeLoss="4.06" rerouteNo="0" devices="tripinfo_f_6.11" vType="DEFAULT_VEHTYPE" speedFactor="1.01" vaporized=""/>
    <tripinfo id="f_6.14" depart="42.00" departLane="620382518#0_3" departPos="142.43" departSpeed="10.44" departDelay="0.00" arrival="102.00" arrivalLane="806873922_1" arrivalPos="786.16" arrivalSpeed="15.96" duration="60.00" routeLength="978.57" waitingTime="0.00" waitingCount="0" stopTime="0.00" timeLoss="5.33" rerouteNo="0" devices="tripinfo_f_6.14" vType="DEFAULT_VEHTYPE" speedFactor="1.08" vaporized=""/>
    <tripinfo id="f_6.13" depart="39.00" departLane="620382518#0_2" departPos="45.91" departSpeed="15.90" departDelay="0.00" arrival="104.00" arrivalLane="806873922_1" arrivalPos="786.16" arrivalSpeed="17.29" duration="65.00" routeLength="1077.97" waitingTime="0.00" waitingCount="0" stopTime="0.00" timeLoss="4.01" rerouteNo="0" devices="tripinfo_f_6.13" vType="DEFAULT_VEHTYPE" speedFactor="1.07" vaporized=""/>
    <tripinfo id="veh205" depart="50.00" departLane="196896350_0" departPos="5.10" departSpeed="0.00" departDelay="0.90" arrival="108.00" arrivalLane="150316518#0_0" arrivalPos="217.23" arrivalSpeed="11.35" duration="58.00" routeLength="698.48" waitingTime="0.00" waitingCount="0" stopTime="0.00" timeLoss="6.09" rerouteNo="1" devices="tripinfo_veh205 routing_veh205" vType="veh_passenger" speedFactor="0.87" vaporized=""/>
    <tripinfo id="f_6.18" depart="54.00" departLane="620382518#0_2" departPos="84.60" departSpeed="16.67" departDelay="0.00" arrival="113.00" arrivalLane="806873922_1" arrivalPos="786.16" arrivalSpeed="17.22" duration="59.00" routeLength="1039.28" waitingTime="0.00" waitingCount="0" stopTime="0.00" timeLoss="2.55" rerouteNo="0" devices="tripinfo_f_6.18" vType="DEFAULT_VEHTYPE" speedFactor="1.11" vaporized=""/>
    <tripinfo id="f_6.16" depart="48.00" departLane="620382518#0_2" departPos="81.56" departSpeed="16.67" departDelay="0.00" arrival="115.00" arrivalLane="806873922_1" arrivalPos="786.16" arrivalSpeed="17.57" duration="67.00" routeLength="1042.32" waitingTime="0.00" waitingCount="0" stopTime="0.00" timeLoss="8.91" rerouteNo="0" devices="tripinfo_f_6.16" vType="DEFAULT_VEHTYPE" speedFactor="1.08" vaporized=""/>
    <tripinfo id="f_6.15" depart="45.00" departLane="620382518#0_3" departPos="95.71" departSpeed="14.88" departDelay="0.00" arrival="118.00" arrivalLane="806873922_0" arrivalPos="786.16" arrivalSpeed="13.87" duration="73.00" routeLength="1025.29" waitingTime="0.00" waitingCount="0" stopTime="0.00" timeLoss="3.29" rerouteNo="0" devices="tripinfo_f_6.15" vType="DEFAULT_VEHTYPE" speedFactor="0.89" vaporized=""/>
    <tripinfo id="f_6.12" depart="36.00" departLane="620382518#0_3" departPos="88.93" departSpeed="12.23" departDelay="0.00" arrival="126.00" arrivalLane="806873922_0" arrivalPos="786.16" arrivalSpeed="11.01" duration="90.00" routeLength="1032.07" waitingTime="0.00" waitingCount="0" stopTime="0.00" timeLoss="5.01" rerouteNo="0" devices="tripinfo_f_6.12" vType="DEFAULT_VEHTYPE" speedFactor="0.73" vaporized=""/>
    <tripinfo id="f_11.0" depart="0.00" departLane="28057733_0" departPos="5.10" departSpeed="0.00" departDelay="0.00" arrival="142.00" arrivalLane="260318194#0.1430_0" arrivalPos="56.80" arrivalSpeed="14.77" duration="142.00" routeLength="2028.12" waitingTime="0.00" waitingCount="0" stopTime="0.00" timeLoss="11.29" rerouteNo="1" devices="tripinfo_f_11.0 routing_f_11.0" vType="DEFAULT_VEHTYPE" speedFactor="0.94" vaporized=""/>
    <tripinfo id="f_11.1" depart="5.00" departLane="28057733_0" departPos="5.10" departSpeed="0.00" departDelay="0.50" arrival="142.00" arrivalLane="260318194#0.1430_1" arrivalPos="56.80" arrivalSpeed="15.78" duration="137.00" routeLength="2028.12" waitingTime="0.00" waitingCount="0" stopTime="0.00" timeLoss="11.40" rerouteNo="1" devices="tripinfo_f_11.1 routing_f_11.1" vType="DEFAULT_VEHTYPE" speedFactor="0.97" vaporized=""/>
    <tripinfo id="f_11.2" depart="9.00" departLane="28057733_0" departPos="5.10" departSpeed="0.00" departDelay="0.00" arrival="144.00" arrivalLane="260318194#0.1430_0" arrivalPos="56.80" arrivalSpeed="16.24" duration="135.00" routeLength="2028.12" waitingTime="0.00" waitingCount="0" stopTime="0.00" timeLoss="10.96" rerouteNo="1" devices="tripinfo_f_11.2 routing_f_11.2" vType="DEFAULT_VEHTYPE" speedFactor="0.99" vaporized=""/>
    <tripinfo id="f_11.3" depart="14.00" departLane="28057733_0" departPos="5.10" departSpeed="0.00" departDelay="0.50" arrival="145.00" arrivalLane="260318194#0.1430_1" arrivalPos="56.80" arrivalSpeed="15.66" duration="131.00" routeLength="2028.12" waitingTime="0.00" waitingCount="0" stopTime="0.00" timeLoss="10.41" rerouteNo="1" devices="tripinfo_f_11.3 routing_f_11.3" vType="DEFAULT_VEHTYPE" speedFactor="1.02" vaporized=""/>
    <tripinfo id="f_11.4" depart="18.00" departLane="28057733_0" departPos="5.10" departSpeed="0.00" departDelay="0.00" arrival="153.00" arrivalLane="260318194#0.1430_0" arrivalPos="56.80" arrivalSpeed="16.16" duration="135.00" routeLength="2028.12" waitingTime="0.00" waitingCount="0" stopTime="0.00" timeLoss="10.84" rerouteNo="1" devices="tripinfo_f_11.4 routing_f_11.4" vType="DEFAULT_VEHTYPE" speedFactor="0.99" vaporized=""/>
    <tripinfo id="f_9.2" depart="21.00" departLane="-725375416#6_1" departPos="5.10" departSpeed="0.00" departDelay="3.00" arrival="171.00" arrivalLane="-376377928#2_0" arrivalPos="546.15" arrivalSpeed="16.83" duration="150.00" routeLength="2457.40" waitingTime="0.00" waitingCount="0" stopTime="0.00" timeLoss="9.46" rerouteNo="0" devices="tripinfo_f_9.2" vType="DEFAULT_VEHTYPE" speedFactor="1.06" vaporized=""/>
    <tripinfo id="f_9.0" depart="3.00" departLane="-725375416#6_1" departPos="5.10" departSpeed="0.00" departDelay="3.00" arrival="173.00" arrivalLane="-376377928#2_0" arrivalPos="546.15" arrivalSpeed="14.96" duration="170.00" routeLength="2457.40" waitingTime="0.00" waitingCount="0" stopTime="0.00" timeLoss="10.57" rerouteNo="0" devices="tripinfo_f_9.0" vType="DEFAULT_VEHTYPE" speedFactor="0.93" vaporized=""/>
    <tripinfo id="f_7.0" depart="3.00" departLane="-725375416#6_0" departPos="5.10" departSpeed="0.00" departDelay="3.00" arrival="175.00" arrivalLane="1333603841_0" arrivalPos="394.58" arrivalSpeed="18.00" duration="172.00" routeLength="2769.34" waitingTime="0.00" waitingCount="0" stopTime="0.00" timeLoss="23.38" rerouteNo="0" devices="tripinfo_f_7.0" vType="DEFAULT_VEHTYPE" speedFactor="1.12" vaporized=""/>
    <tripinfo id="f_9.1" depart="12.00" departLane="-725375416#6_1" departPos="5.10" departSpeed="0.00" departDelay="3.00" arrival="177.00" arrivalLane="-376377928#2_0" arrivalPos="546.15" arrivalSpeed="14.83" duration="165.00" routeLength="2457.40" waitingTime="0.00" waitingCount="0" stopTime="0.00" timeLoss="10.52" rerouteNo="0" devices="tripinfo_f_9.1" vType="DEFAULT_VEHTYPE" speedFactor="0.96" vaporized=""/>
    <tripinfo id="f_6.21" depart="63.00" departLane="620382518#0_3" departPos="63.41" departSpeed="16.47" departDelay="0.00" arrival="179.00" arrivalLane="806873922_0" arrivalPos="786.16" arrivalSpeed="18.73" duration="116.00" routeLength="1057.59" waitingTime="49.00" waitingCount="1" stopTime="0.00" timeLoss="60.58" rerouteNo="0" devices="tripinfo_f_6.21" vType="DEFAULT_VEHTYPE" speedFactor="1.15" vaporized=""/>
    <tripinfo id="f_6.20" depart="60.00" departLane="620382518#0_3" departPos="45.16" departSpeed="16.67" departDelay="0.00" arrival="181.00" arrivalLane="806873922_0" arrivalPos="786.16" arrivalSpeed="16.80" duration="121.00" routeLength="1075.84" waitingTime="50.00" waitingCount="1" stopTime="0.00" timeLoss="59.99" rerouteNo="0" devices="tripinfo_f_6.20" vType="DEFAULT_VEHTYPE" speedFactor="1.06" vaporized=""/>
    <tripinfo id="f_7.2" depart="12.00" departLane="-725375416#6_0" departPos="5.10" departSpeed="0.00" departDelay="4.80" arrival="182.00" arrivalLane="1333603841_1" arrivalPos="394.58" arrivalSpeed="18.93" duration="170.00" routeLength="2769.34" waitingTime="0.00" waitingCount="0" stopTime="0.00" timeLoss="27.76" rerouteNo="0" devices="tripinfo_f_7.2" vType="DEFAULT_VEHTYPE" speedFactor="1.17" vaporized=""/>
    <tripinfo id="f_6.19" depart="57.00" departLane="620382518#0_2" departPos="11.93" departSpeed="17.19" departDelay="0.00" arrival="183.00" arrivalLane="806873922_1" arrivalPos="786.16" arrivalSpeed="17.62" duration="126.00" routeLength="1111.95" waitingTime="53.00" waitingCount="1" stopTime="0.00" timeLoss="65.17" rerouteNo="0" devices="tripinfo_f_6.19" vType="DEFAULT_VEHTYPE" speedFactor="1.10" vaporized=""/>
    <tripinfo id="f_7.1" depart="6.00" departLane="-725375416#6_0" departPos="5.10" departSpeed="0.00" departDelay="2.40" arrival="185.00" arrivalLane="1333603841_0" arrivalPos="394.58" arrivalSpeed="16.42" duration="179.00" routeLength="2769.34" waitingTime="0.00" waitingCount="0" stopTime="0.00" timeLoss="14.38" rerouteNo="0" devices="tripinfo_f_7.1" vType="DEFAULT_VEHTYPE" speedFactor="1.01" vaporized=""/>
    <tripinfo id="f_7.3" depart="15.00" departLane="-725375416#6_0" departPos="5.10" departSpeed="0.00" departDelay="4.20" arrival="188.00" arrivalLane="1333603841_0" arrivalPos="394.58" arrivalSpeed="17.44" duration="173.00" routeLength="2769.34" waitingTime="0.00" waitingCount="0" stopTime="0.00" timeLoss="20.08" rerouteNo="0" devices="tripinfo_f_7.3" vType="DEFAULT_VEHTYPE" speedFactor="1.09" vaporized=""/>
    <tripinfo id="f_6.17" depart="51.00" departLane="620382518#0_3" departPos="26.70" departSpeed="15.47" departDelay="0.00" arrival="189.00" arrivalLane="806873922_0" arrivalPos="786.16" arrivalSpeed="14.32" duration="138.00" routeLength="1097.18" waitingTime="60.00" waitingCount="1" stopTime="0.00" timeLoss="66.30" rerouteNo="0" devices="tripinfo_f_6.17" vType="DEFAULT_VEHTYPE" speedFactor="0.93" vaporized=""/>
    <tripinfo id="f_6.22" depart="66.00" departLane="620382518#0_2" departPos="44.20" departSpeed="2.12" departDelay="0.00" arrival="192.00" arrivalLane="806873922_0" arrivalPos="786.16" arrivalSpeed="15.95" duration="126.00" routeLength="1079.68" waitingTime="42.00" waitingCount="1" stopTime="0.00" timeLoss="58.64" rerouteNo="0" devices="tripinfo_f_6.22" vType="DEFAULT_VEHTYPE" speedFactor="0.97" vaporized=""/>
    <tripinfo id="f_7.4" depart="21.00" departLane="-725375416#6_0" departPos="5.10" departSpeed="0.00" departDelay="6.60" arrival="193.00" arrivalLane="1333603841_0" arrivalPos="394.58" arrivalSpeed="17.64" duration="172.00" routeLength="2769.34" waitingTime="0.00" waitingCount="0" stopTime="0.00" timeLoss="18.02" rerouteNo="0" devices="tripinfo_f_7.4" vType="DEFAULT_VEHTYPE" speedFactor="1.08" vaporized=""/>
    <tripinfo id="f_6.23" depart="69.00" departLane="620382518#0_3" departPos="51.14" departSpeed="2.35" departDelay="0.00" arrival="193.00" arrivalLane="806873922_1" arrivalPos="786.16" arrivalSpeed="14.76" duration="124.00" routeLength="1069.86" waitingTime="41.00" waitingCount="1" stopTime="0.00" timeLoss="54.45" rerouteNo="0" devices="tripinfo_f_6.23" vType="DEFAULT_VEHTYPE" speedFactor="0.93" vaporized=""/>
    <tripinfo id="f_6.24" depart="72.00" departLane="620382518#0_2" departPos="18.54" departSpeed="4.03" departDelay="0.00" arrival="194.00" arrivalLane="806873922_0" arrivalPos="786.16" arrivalSpeed="14.93" duration="122.00" routeLength="1105.34" waitingTime="38.00" waitingCount="1" stopTime="0.00" timeLoss="52.54" rerouteNo="0" devices="tripinfo_f_6.24" vType="DEFAULT_VEHTYPE" speedFactor="0.96" vaporized=""/>
    <tripinfo id="f_6.25" depart="75.00" departLane="620382518#0_3" departPos="55.43" departSpeed="5.02" departDelay="0.00" arrival="194.00" arrivalLane="806873922_1" arrivalPos="786.16" arrivalSpeed="17.07" duration="119.00" routeLength="1065.57" waitingTime="38.00" waitingCount="1" stopTime="0.00" timeLoss="58.01" rerouteNo="0" devices="tripinfo_f_6.25" vType="DEFAULT_VEHTYPE" speedFactor="1.05" vaporized=""/>
    <tripinfo id="f_6.27" depart="81.00" departLane="620382518#0_3" departPos="22.91" departSpeed="2.40" departDelay="0.00" arrival="196.00" arrivalLane="806873922_1" arrivalPos="786.16" arrivalSpeed="17.99" duration="115.00" routeLength="1098.09" waitingTime="30.00" waitingCount="1" stopTime="0.00" timeLoss="54.25" rerouteNo="0" devices="tripinfo_f_6.27" vType="DEFAULT_VEHTYPE" speedFactor="1.09" vaporized=""/>
    <tripinfo id="f_6.29" depart="87.00" departLane="620382518#0_3" departPos="41.36" departSpeed="2.79" departDelay="0.00" arrival="197.00" arrivalLane="806873922_1" arrivalPos="786.16" arrivalSpeed="17.84" duration="110.00" routeLength="1079.64" waitingTime="28.00" waitingCount="1" stopTime="0.00" timeLoss="51.77" rerouteNo="0" devices="tripinfo_f_6.29" vType="DEFAULT_VEHTYPE" speedFactor="1.11" vaporized=""/>
    <tripinfo id="f_6.26" depart="78.00" departLane="620382518#0_2" departPos="58.27" departSpeed="3.88" departDelay="0.00" arrival="198.00" arrivalLane="806873922_0" arrivalPos="786.16" arrivalSpeed="15.31" duration="120.00" routeLength="1065.61" waitingTime="37.00" waitingCount="1" stopTime="0.00" timeLoss="51.76" rerouteNo="0" devices="tripinfo_f_6.26" vType="DEFAULT_VEHTYPE" speedFactor="0.95" vaporized=""/>
    <tripinfo id="f_6.28" depart="84.00" departLane="620382518#0_2" departPos="64.27" departSpeed="1.62" departDelay="0.00" arrival="199.00" arrivalLane="806873922_1" arrivalPos="786.16" arrivalSpeed="17.22" duration="115.00" routeLength="1059.61" waitingTime="32.00" waitingCount="1" stopTime="0.00" timeLoss="53.75" rerouteNo="0" devices="tripinfo_f_6.28" vType="DEFAULT_VEHTYPE" speedFactor="1.04" vaporized=""/>
</tripinfos>
