<?xml version="1.0" encoding="UTF-8"?>

<!-- generated on 2025-12-14T18:37:12.047133+03:00 by Eclipse SUMO GUI 1.25.0
<sumoConfiguration xmlns:xsi="http://www.w3.org/2001/XMLSchema-instance" xsi:noNamespaceSchemaLocation="http://sumo.dlr.de/xsd/sumoConfiguration.xsd">

    <input>
        <net-file value="C:\Users\ksuzh\my_project_v3\my_project_v3\my_project\smart_city\data\sumo\osm.net_cut.xml.gz.net"/>
        <route-files value="C:\Users\ksuzh\my_project_v3\my_project_v3\my_project\smart_city\data\sumo\osm.passenger.trips"/>
        <junction-taz value="true"/>
    </input>

    <output>
        <tripinfo-output value="C:\Users\ksuzh\my_project_v3\my_project_v3\my_project\smart_city\result\tripinfo_Q-learning_1765726630.xml"/>
        <statistic-output value="C:\Users\ksuzh\my_project_v3\my_project_v3\my_project\smart_city\data\sumo\output/stats.xml"/>
    </output>

    <processing>
        <ignore-route-errors value="true"/>
        <time-to-teleport value="300"/>
        <tls.actuated.jam-threshold value="30"/>
    </processing>

    <report>
        <verbose value="true"/>
        <no-warnings value="true"/>
        <duration-log.statistics value="true"/>
        <no-step-log value="true"/>
    </report>

    <traci_server>
        <remote-port value="18534"/>
    </traci_server>

    <gui_only>
        <quit-on-end value="true"/>
        <start value="true"/>
        <delay value="150"/>
    </gui_only>

</sumoConfiguration>
-->

<tripinfos xmlns:xsi="http://www.w3.org/2001/XMLSchema-instance" xsi:noNamespaceSchemaLocation="http://sumo.dlr.de/xsd/tripinfo_file.xsd">
    <tripinfo id="f_6.1" depart="3.00" departLane="620382518#0_3" departPos="88.00" departSpeed="16.67" departDelay="0.00" arrival="60.00" arrivalLane="806873922_0" arrivalPos="786.16" arrivalSpeed="18.73" duration="57.00" routeLength="1033.00" waitingTime="0.00" waitingCount="0" stopTime="0.00" timeLoss="3.32" rerouteNo="0" devices="tripinfo_f_6.1" vType="DEFAULT_VEHTYPE" speedFactor="1.16" vaporized=""/>
    <tripinfo id="f_6.0" depart="0.00" departLane="620382518#0_2" departPos="6.78" departSpeed="16.67" departDelay="0.00" arrival="70.00" arrivalLane="806873922_0" arrivalPos="786.16" arrivalSpeed="17.10" duration="70.00" routeLength="1117.10" waitingTime="0.00" waitingCount="0" stopTime="0.00" timeLoss="5.35" rerouteNo="0" devices="tripinfo_f_6.0" vType="DEFAULT_VEHTYPE" speedFactor="1.05" vaporized=""/>
    <tripinfo id="f_6.2" depart="6.00" departLane="620382518#0_2" departPos="36.92" departSpeed="15.52" departDelay="0.00" arrival="81.00" arrivalLane="806873922_0" arrivalPos="786.16" arrivalSpeed="15.36" duration="75.00" routeLength="1086.96" waitingTime="0.00" waitingCount="0" stopTime="0.00" timeLoss="4.98" rerouteNo="0" devices="tripinfo_f_6.2" vType="DEFAULT_VEHTYPE" speedFactor="0.93" vaporized=""/>
    <tripinfo id="f_6.3" depart="9.00" departLane="620382518#0_3" departPos="111.14" departSpeed="15.01" departDelay="0.00" arrival="83.00" arrivalLane="806873922_0" arrivalPos="786.16" arrivalSpeed="14.70" duration="74.00" routeLength="1009.86" waitingTime="0.00" waitingCount="0" stopTime="0.00" timeLoss="6.07" rerouteNo="0" devices="tripinfo_f_6.3" vType="DEFAULT_VEHTYPE" speedFactor="0.90" vaporized=""/>
    <tripinfo id="f_6.5" depart="15.00" departLane="620382518#0_3" departPos="130.60" departSpeed="10.69" departDelay="0.00" arrival="88.00" arrivalLane="806873922_0" arrivalPos="786.16" arrivalSpeed="15.25" duration="73.00" routeLength="990.40" waitingTime="4.00" waitingCount="1" stopTime="0.00" timeLoss="11.23" rerouteNo="0" devices="tripinfo_f_6.5" vType="DEFAULT_VEHTYPE" speedFactor="0.97" vaporized=""/>
    <tripinfo id="f_6.7" depart="21.00" departLane="620382518#0_3" departPos="94.49" departSpeed="0.00" departDelay="0.00" arrival="92.00" arrivalLane="806873922_0" arrivalPos="786.16" arrivalSpeed="15.51" duration="71.00" routeLength="1026.51" waitingTime="0.00" waitingCount="0" stopTime="0.00" timeLoss="9.79" rerouteNo="0" devices="tripinfo_f_6.7" vType="DEFAULT_VEHTYPE" speedFactor="1.01" vaporized=""/>
    <tripinfo id="f_6.6" depart="18.00" departLane="620382518#0_2" departPos="76.51" departSpeed="8.22" departDelay="0.00" arrival="94.00" arrivalLane="806873922_1" arrivalPos="786.16" arrivalSpeed="16.01" duration="76.00" routeLength="1047.37" waitingTime="3.00" waitingCount="1" stopTime="0.00" timeLoss="13.75" rerouteNo="0" devices="tripinfo_f_6.6" vType="DEFAULT_VEHTYPE" speedFactor="1.02" vaporized=""/>
    <tripinfo id="f_6.4" depart="12.00" departLane="620382518#0_2" departPos="67.44" departSpeed="14.25" departDelay="0.00" arrival="97.00" arrivalLane="806873922_0" arrivalPos="786.16" arrivalSpeed="13.41" duration="85.00" routeLength="1056.44" waitingTime="0.00" waitingCount="0" stopTime="0.00" timeLoss="9.94" rerouteNo="0" devices="tripinfo_f_6.4" vType="DEFAULT_VEHTYPE" speedFactor="0.85" vaporized=""/>
    <tripinfo id="f_6.8" depart="24.00" departLane="620382518#0_2" departPos="45.01" departSpeed="8.44" departDelay="0.00" arrival="105.00" arrivalLane="806873922_0" arrivalPos="786.16" arrivalSpeed="14.21" duration="81.00" routeLength="1078.87" waitingTime="0.00" waitingCount="0" stopTime="0.00" timeLoss="8.30" rerouteNo="0" devices="tripinfo_f_6.8" vType="DEFAULT_VEHTYPE" speedFactor="0.89" vaporized=""/>
    <tripinfo id="f_6.10" depart="30.00" departLane="620382518#0_3" departPos="102.19" departSpeed="15.46" departDelay="0.00" arrival="105.00" arrivalLane="806873922_1" arrivalPos="786.16" arrivalSpeed="15.28" duration="75.00" routeLength="1018.81" waitingTime="2.00" waitingCount="1" stopTime="0.00" timeLoss="8.51" rerouteNo="0" devices="tripinfo_f_6.10" vType="DEFAULT_VEHTYPE" speedFactor="0.93" vaporized=""/>
    <tripinfo id="f_6.9" depart="27.00" departLane="620382518#0_3" departPos="23.73" departSpeed="10.70" departDelay="0.00" arrival="107.00" arrivalLane="806873922_0" arrivalPos="786.16" arrivalSpeed="16.07" duration="80.00" routeLength="1097.27" waitingTime="2.00" waitingCount="1" stopTime="0.00" timeLoss="17.75" rerouteNo="0" devices="tripinfo_f_6.9" vType="DEFAULT_VEHTYPE" speedFactor="1.06" vaporized=""/>
    <tripinfo id="f_6.13" depart="39.00" departLane="620382518#0_3" departPos="86.52" departSpeed="1.78" departDelay="0.00" arrival="107.00" arrivalLane="806873922_1" arrivalPos="786.16" arrivalSpeed="16.60" duration="68.00" routeLength="1034.48" waitingTime="0.00" waitingCount="0" stopTime="0.00" timeLoss="9.31" rerouteNo="0" devices="tripinfo_f_6.13" vType="DEFAULT_VEHTYPE" speedFactor="1.07" vaporized=""/>
    <tripinfo id="veh205" depart="50.00" departLane="196896350_0" departPos="5.10" departSpeed="0.00" departDelay="0.90" arrival="108.00" arrivalLane="150316518#0_0" arrivalPos="217.23" arrivalSpeed="11.35" duration="58.00" routeLength="698.48" waitingTime="0.00" waitingCount="0" stopTime="0.00" timeLoss="6.12" rerouteNo="1" devices="tripinfo_veh205 routing_veh205" vType="veh_passenger" speedFactor="0.87" vaporized=""/>
    <tripinfo id="f_6.11" depart="33.00" departLane="620382518#0_2" departPos="39.39" departSpeed="16.67" departDelay="0.00" arrival="108.00" arrivalLane="806873922_1" arrivalPos="786.16" arrivalSpeed="15.91" duration="75.00" routeLength="1084.49" waitingTime="0.00" waitingCount="0" stopTime="0.00" timeLoss="10.39" rerouteNo="0" devices="tripinfo_f_6.11" vType="DEFAULT_VEHTYPE" speedFactor="1.01" vaporized=""/>
    <tripinfo id="f_6.14" depart="42.00" departLane="620382518#0_2" departPos="27.35" departSpeed="6.12" departDelay="0.00" arrival="112.00" arrivalLane="806873922_0" arrivalPos="786.16" arrivalSpeed="16.79" duration="70.00" routeLength="1096.53" waitingTime="0.00" waitingCount="0" stopTime="0.00" timeLoss="8.28" rerouteNo="0" devices="tripinfo_f_6.14" vType="DEFAULT_VEHTYPE" speedFactor="1.08" vaporized=""/>
    <tripinfo id="f_6.16" depart="48.00" departLane="620382518#0_2" departPos="26.70" departSpeed="15.61" departDelay="0.00" arrival="117.00" arrivalLane="806873922_0" arrivalPos="786.16" arrivalSpeed="17.25" duration="69.00" routeLength="1097.18" waitingTime="0.00" waitingCount="0" stopTime="0.00" timeLoss="7.57" rerouteNo="0" devices="tripinfo_f_6.16" vType="DEFAULT_VEHTYPE" speedFactor="1.08" vaporized=""/>
    <tripinfo id="f_6.18" depart="54.00" departLane="620382518#0_2" departPos="26.95" departSpeed="16.75" departDelay="0.00" arrival="121.00" arrivalLane="806873922_0" arrivalPos="786.16" arrivalSpeed="18.44" duration="67.00" routeLength="1096.93" waitingTime="0.00" waitingCount="0" stopTime="0.00" timeLoss="7.51" rerouteNo="0" devices="tripinfo_f_6.18" vType="DEFAULT_VEHTYPE" speedFactor="1.11" vaporized=""/>
    <tripinfo id="f_6.20" depart="60.00" departLane="620382518#0_3" departPos="63.13" departSpeed="16.67" departDelay="0.00" arrival="127.00" arrivalLane="806873922_1" arrivalPos="786.16" arrivalSpeed="17.32" duration="67.00" routeLength="1057.87" waitingTime="0.00" waitingCount="0" stopTime="0.00" timeLoss="6.94" rerouteNo="0" devices="tripinfo_f_6.20" vType="DEFAULT_VEHTYPE" speedFactor="1.06" vaporized=""/>
    <tripinfo id="f_6.15" depart="45.00" departLane="620382518#0_3" departPos="4.15" departSpeed="10.39" departDelay="0.00" arrival="128.00" arrivalLane="806873922_0" arrivalPos="786.16" arrivalSpeed="14.52" duration="83.00" routeLength="1116.85" waitingTime="0.00" waitingCount="0" stopTime="0.00" timeLoss="7.84" rerouteNo="0" devices="tripinfo_f_6.15" vType="DEFAULT_VEHTYPE" speedFactor="0.89" vaporized=""/>
    <tripinfo id="f_6.21" depart="63.00" departLane="620382518#0_2" departPos="58.14" departSpeed="16.44" departDelay="0.00" arrival="129.00" arrivalLane="806873922_1" arrivalPos="786.16" arrivalSpeed="18.21" duration="66.00" routeLength="1065.74" waitingTime="0.00" waitingCount="0" stopTime="0.00" timeLoss="9.60" rerouteNo="0" devices="tripinfo_f_6.21" vType="DEFAULT_VEHTYPE" speedFactor="1.15" vaporized=""/>
    <tripinfo id="f_6.19" depart="57.00" departLane="620382518#0_2" departPos="11.93" departSpeed="18.29" departDelay="0.00" arrival="130.00" arrivalLane="806873922_1" arrivalPos="786.16" arrivalSpeed="17.64" duration="73.00" routeLength="1111.95" waitingTime="0.00" waitingCount="0" stopTime="0.00" timeLoss="12.28" rerouteNo="0" devices="tripinfo_f_6.19" vType="DEFAULT_VEHTYPE" speedFactor="1.10" vaporized=""/>
    <tripinfo id="f_6.17" depart="51.00" departLane="620382518#0_3" departPos="50.57" departSpeed="14.59" departDelay="0.00" arrival="133.00" arrivalLane="806873922_1" arrivalPos="786.16" arrivalSpeed="14.71" duration="82.00" routeLength="1070.43" waitingTime="0.00" waitingCount="0" stopTime="0.00" timeLoss="11.87" rerouteNo="0" devices="tripinfo_f_6.17" vType="DEFAULT_VEHTYPE" speedFactor="0.93" vaporized=""/>
    <tripinfo id="f_6.12" depart="36.00" departLane="620382518#0_2" departPos="45.91" departSpeed="12.23" departDelay="0.00" arrival="134.00" arrivalLane="806873922_0" arrivalPos="786.16" arrivalSpeed="11.11" duration="98.00" routeLength="1077.97" waitingTime="0.00" waitingCount="0" stopTime="0.00" timeLoss="9.07" rerouteNo="0" devices="tripinfo_f_6.12" vType="DEFAULT_VEHTYPE" speedFactor="0.73" vaporized=""/>
    <tripinfo id="f_6.25" depart="75.00" departLane="620382518#0_3" departPos="69.56" departSpeed="11.13" departDelay="0.00" arrival="144.00" arrivalLane="806873922_1" arrivalPos="786.16" arrivalSpeed="17.03" duration="69.00" routeLength="1051.44" waitingTime="0.00" waitingCount="0" stopTime="0.00" timeLoss="8.18" rerouteNo="0" devices="tripinfo_f_6.25" vType="DEFAULT_VEHTYPE" speedFactor="1.05" vaporized=""/>
    <tripinfo id="f_11.0" depart="0.00" departLane="28057733_0" departPos="5.10" departSpeed="0.00" departDelay="0.00" arrival="145.00" arrivalLane="260318194#0.1430_0" arrivalPos="56.80" arrivalSpeed="14.38" duration="145.00" routeLength="2028.12" waitingTime="2.00" waitingCount="1" stopTime="0.00" timeLoss="14.56" rerouteNo="1" devices="tripinfo_f_11.0 routing_f_11.0" vType="DEFAULT_VEHTYPE" speedFactor="0.94" vaporized=""/>
    <tripinfo id="f_6.22" depart="66.00" departLane="620382518#0_3" departPos="3.56" departSpeed="16.17" departDelay="0.00" arrival="145.00" arrivalLane="806873922_0" arrivalPos="786.16" arrivalSpeed="16.06" duration="79.00" routeLength="1117.44" waitingTime="0.00" waitingCount="0" stopTime="0.00" timeLoss="9.58" rerouteNo="0" devices="tripinfo_f_6.22" vType="DEFAULT_VEHTYPE" speedFactor="0.97" vaporized=""/>
    <tripinfo id="f_6.24" depart="72.00" departLane="620382518#0_2" departPos="104.33" departSpeed="14.81" departDelay="0.00" arrival="147.00" arrivalLane="806873922_0" arrivalPos="786.16" arrivalSpeed="15.61" duration="75.00" routeLength="1019.55" waitingTime="2.00" waitingCount="1" stopTime="0.00" timeLoss="11.17" rerouteNo="0" devices="tripinfo_f_6.24" vType="DEFAULT_VEHTYPE" speedFactor="0.96" vaporized=""/>
    <tripinfo id="f_11.1" depart="5.00" departLane="28057733_0" departPos="5.10" departSpeed="0.00" departDelay="0.50" arrival="148.00" arrivalLane="260318194#0.1430_0" arrivalPos="56.80" arrivalSpeed="15.49" duration="143.00" routeLength="2028.12" waitingTime="1.00" waitingCount="1" stopTime="0.00" timeLoss="17.01" rerouteNo="1" devices="tripinfo_f_11.1 routing_f_11.1" vType="DEFAULT_VEHTYPE" speedFactor="0.97" vaporized=""/>
    <tripinfo id="f_6.28" depart="84.00" departLane="620382518#0_2" departPos="134.90" departSpeed="3.19" departDelay="0.00" arrival="148.00" arrivalLane="806873922_1" arrivalPos="786.16" arrivalSpeed="17.32" duration="64.00" routeLength="986.10" waitingTime="0.00" waitingCount="0" stopTime="0.00" timeLoss="6.78" rerouteNo="0" devices="tripinfo_f_6.28" vType="DEFAULT_VEHTYPE" speedFactor="1.04" vaporized=""/>
    <tripinfo id="f_6.27" depart="81.00" departLane="620382518#0_3" departPos="6.35" departSpeed="5.78" departDelay="0.00" arrival="150.00" arrivalLane="806873922_1" arrivalPos="786.16" arrivalSpeed="18.11" duration="69.00" routeLength="1114.65" waitingTime="0.00" waitingCount="0" stopTime="0.00" timeLoss="7.01" rerouteNo="0" devices="tripinfo_f_6.27" vType="DEFAULT_VEHTYPE" speedFactor="1.09" vaporized=""/>
    <tripinfo id="f_6.23" depart="69.00" departLane="620382518#0_2" departPos="15.62" departSpeed="15.54" departDelay="0.00" arrival="151.00" arrivalLane="806873922_0" arrivalPos="786.16" arrivalSpeed="15.53" duration="82.00" routeLength="1108.26" waitingTime="0.00" waitingCount="0" stopTime="0.00" timeLoss="10.14" rerouteNo="0" devices="tripinfo_f_6.23" vType="DEFAULT_VEHTYPE" speedFactor="0.93" vaporized=""/>
    <tripinfo id="f_6.29" depart="87.00" departLane="620382518#0_2" departPos="98.94" departSpeed="16.67" departDelay="0.00" arrival="151.00" arrivalLane="806873922_1" arrivalPos="786.16" arrivalSpeed="17.31" duration="64.00" routeLength="1024.94" waitingTime="0.00" waitingCount="0" stopTime="0.00" timeLoss="8.41" rerouteNo="0" devices="tripinfo_f_6.29" vType="DEFAULT_VEHTYPE" speedFactor="1.11" vaporized=""/>
    <tripinfo id="f_6.26" depart="78.00" departLane="620382518#0_2" departPos="106.39" departSpeed="9.22" departDelay="0.00" arrival="153.00" arrivalLane="806873922_0" arrivalPos="786.16" arrivalSpeed="14.65" duration="75.00" routeLength="1017.49" waitingTime="0.00" waitingCount="0" stopTime="0.00" timeLoss="10.49" rerouteNo="0" devices="tripinfo_f_6.26" vType="DEFAULT_VEHTYPE" speedFactor="0.95" vaporized=""/>
    <tripinfo id="f_11.2" depart="9.00" departLane="28057733_0" departPos="5.10" departSpeed="0.00" departDelay="0.00" arrival="160.00" arrivalLane="260318194#0.1430_0" arrivalPos="56.80" arrivalSpeed="15.97" duration="151.00" routeLength="2028.12" waitingTime="11.00" waitingCount="1" stopTime="0.00" timeLoss="27.64" rerouteNo="1" devices="tripinfo_f_11.2 routing_f_11.2" vType="DEFAULT_VEHTYPE" speedFactor="0.99" vaporized=""/>
    <tripinfo id="f_11.3" depart="14.00" departLane="28057733_0" departPos="5.10" departSpeed="0.00" departDelay="0.50" arrival="161.00" arrivalLane="260318194#0.1430_0" arrivalPos="56.80" arrivalSpeed="16.70" duration="147.00" routeLength="2028.12" waitingTime="9.00" waitingCount="1" stopTime="0.00" timeLoss="26.42" rerouteNo="1" devices="tripinfo_f_11.3 routing_f_11.3" vType="DEFAULT_VEHTYPE" speedFactor="1.02" vaporized=""/>
    <tripinfo id="f_6.31" depart="93.00" departLane="620382518#0_3" departPos="127.76" departSpeed="11.63" departDelay="0.00" arrival="164.00" arrivalLane="806873922_0" arrivalPos="786.16" arrivalSpeed="16.73" duration="71.00" routeLength="993.24" waitingTime="1.00" waitingCount="1" stopTime="0.00" timeLoss="11.80" rerouteNo="0" devices="tripinfo_f_6.31" vType="DEFAULT_VEHTYPE" speedFactor="1.02" vaporized=""/>
    <tripinfo id="f_6.33" depart="99.00" departLane="620382518#0_3" departPos="98.24" departSpeed="16.67" departDelay="0.00" arrival="166.00" arrivalLane="806873922_0" arrivalPos="786.16" arrivalSpeed="16.17" duration="67.00" routeLength="1022.76" waitingTime="0.00" waitingCount="0" stopTime="0.00" timeLoss="7.13" rerouteNo="0" devices="tripinfo_f_6.33" vType="DEFAULT_VEHTYPE" speedFactor="1.03" vaporized=""/>
    <tripinfo id="f_6.35" depart="105.00" departLane="620382518#0_2" departPos="49.64" departSpeed="16.67" departDelay="0.00" arrival="175.00" arrivalLane="806873922_1" arrivalPos="786.16" arrivalSpeed="17.31" duration="70.00" routeLength="1074.24" waitingTime="0.00" waitingCount="0" stopTime="0.00" timeLoss="11.83" rerouteNo="0" devices="tripinfo_f_6.35" vType="DEFAULT_VEHTYPE" speedFactor="1.11" vaporized=""/>
    <tripinfo id="f_7.0" depart="3.00" departLane="-725375416#6_0" departPos="5.10" departSpeed="0.00" departDelay="3.00" arrival="176.00" arrivalLane="1333603841_0" arrivalPos="394.58" arrivalSpeed="17.84" duration="173.00" routeLength="2766.49" waitingTime="0.00" waitingCount="0" stopTime="0.00" timeLoss="24.97" rerouteNo="0" devices="tripinfo_f_7.0" vType="DEFAULT_VEHTYPE" speedFactor="1.12" vaporized=""/>
    <tripinfo id="f_6.37" depart="111.00" departLane="620382518#0_2" departPos="86.45" departSpeed="8.63" departDelay="0.00" arrival="177.00" arrivalLane="806873922_1" arrivalPos="786.16" arrivalSpeed="18.18" duration="66.00" routeLength="1037.43" waitingTime="0.00" waitingCount="0" stopTime="0.00" timeLoss="9.54" rerouteNo="0" devices="tripinfo_f_6.37" vType="DEFAULT_VEHTYPE" speedFactor="1.12" vaporized=""/>
    <tripinfo id="f_6.30" depart="90.00" departLane="620382518#0_2" departPos="56.60" departSpeed="13.75" departDelay="0.00" arrival="179.00" arrivalLane="806873922_0" arrivalPos="786.16" arrivalSpeed="13.20" duration="89.00" routeLength="1067.28" waitingTime="1.00" waitingCount="1" stopTime="0.00" timeLoss="10.93" rerouteNo="0" devices="tripinfo_f_6.30" vType="DEFAULT_VEHTYPE" speedFactor="0.82" vaporized=""/>
    <tripinfo id="f_6.32" depart="96.00" departLane="620382518#0_2" departPos="70.15" departSpeed="12.33" departDelay="0.00" arrival="179.00" arrivalLane="806873922_1" arrivalPos="786.16" arrivalSpeed="15.86" duration="83.00" routeLength="1053.73" waitingTime="1.00" waitingCount="1" stopTime="0.00" timeLoss="17.93" rerouteNo="0" devices="tripinfo_f_6.32" vType="DEFAULT_VEHTYPE" speedFactor="0.98" vaporized=""/>
    <tripinfo id="f_6.36" depart="108.00" departLane="620382518#0_3" departPos="54.67" departSpeed="16.67" departDelay="0.00" arrival="180.00" arrivalLane="806873922_1" arrivalPos="786.16" arrivalSpeed="16.38" duration="72.00" routeLength="1066.33" waitingTime="0.00" waitingCount="0" stopTime="0.00" timeLoss="11.44" rerouteNo="0" devices="tripinfo_f_6.36" vType="DEFAULT_VEHTYPE" speedFactor="1.06" vaporized=""/>
    <tripinfo id="f_11.4" depart="18.00" departLane="28057733_0" departPos="5.10" departSpeed="0.00" departDelay="0.00" arrival="181.00" arrivalLane="260318194#0.1430_0" arrivalPos="56.80" arrivalSpeed="16.32" duration="163.00" routeLength="2028.12" waitingTime="19.00" waitingCount="2" stopTime="0.00" timeLoss="38.27" rerouteNo="1" devices="tripinfo_f_11.4 routing_f_11.4" vType="DEFAULT_VEHTYPE" speedFactor="0.99" vaporized=""/>
    <tripinfo id="f_6.34" depart="102.00" departLane="620382518#0_2" departPos="116.95" departSpeed="6.14" departDelay="0.00" arrival="183.00" arrivalLane="806873922_0" arrivalPos="786.16" arrivalSpeed="15.00" duration="81.00" routeLength="1004.05" waitingTime="2.00" waitingCount="1" stopTime="0.00" timeLoss="13.94" rerouteNo="0" devices="tripinfo_f_6.34" vType="DEFAULT_VEHTYPE" speedFactor="0.90" vaporized=""/>
    <tripinfo id="f_10.1" depart="9.00" departLane="-725375416#6_0" departPos="5.10" departSpeed="0.00" departDelay="1.80" arrival="184.00" arrivalLane="-1163561344_1" arrivalPos="585.89" arrivalSpeed="18.19" duration="175.00" routeLength="2494.89" waitingTime="1.00" waitingCount="1" stopTime="0.00" timeLoss="44.61" rerouteNo="0" devices="tripinfo_f_10.1" vType="DEFAULT_VEHTYPE" speedFactor="1.15" vaporized=""/>
    <tripinfo id="f_7.2" depart="12.00" departLane="-725375416#6_0" departPos="5.10" departSpeed="0.00" departDelay="4.80" arrival="184.00" arrivalLane="1333603841_0" arrivalPos="394.58" arrivalSpeed="19.15" duration="172.00" routeLength="2769.34" waitingTime="2.00" waitingCount="1" stopTime="0.00" timeLoss="29.76" rerouteNo="0" devices="tripinfo_f_7.2" vType="DEFAULT_VEHTYPE" speedFactor="1.17" vaporized=""/>
    <tripinfo id="f_6.38" depart="114.00" departLane="620382518#0_2" departPos="17.10" departSpeed="15.55" departDelay="0.00" arrival="184.00" arrivalLane="806873922_1" arrivalPos="786.16" arrivalSpeed="15.69" duration="70.00" routeLength="1106.78" waitingTime="0.00" waitingCount="0" stopTime="0.00" timeLoss="4.38" rerouteNo="0" devices="tripinfo_f_6.38" vType="DEFAULT_VEHTYPE" speedFactor="1.02" vaporized=""/>
    <tripinfo id="f_11.5" depart="23.00" departLane="28057733_0" departPos="5.10" departSpeed="0.00" departDelay="0.50" arrival="186.00" arrivalLane="260318194#0.1430_0" arrivalPos="56.80" arrivalSpeed="16.10" duration="163.00" routeLength="2028.12" waitingTime="12.00" waitingCount="2" stopTime="0.00" timeLoss="35.75" rerouteNo="1" devices="tripinfo_f_11.5 routing_f_11.5" vType="DEFAULT_VEHTYPE" speedFactor="0.97" vaporized=""/>
    <tripinfo id="f_3.0" depart="0.00" departLane="28057733_1" departPos="5.10" departSpeed="0.00" departDelay="0.00" arrival="188.00" arrivalLane="806873922_0" arrivalPos="786.16" arrivalSpeed="16.11" duration="188.00" routeLength="2453.24" waitingTime="19.00" waitingCount="5" stopTime="0.00" timeLoss="44.62" rerouteNo="1" devices="tripinfo_f_3.0 routing_f_3.0" vType="DEFAULT_VEHTYPE" speedFactor="1.03" vaporized=""/>
    <tripinfo id="f_5.2" depart="10.00" departLane="311744445#0_0" departPos="5.10" departSpeed="0.00" departDelay="0.40" arrival="189.00" arrivalLane="260318194#0.1430_0" arrivalPos="56.80" arrivalSpeed="17.20" duration="179.00" routeLength="2810.54" waitingTime="2.00" waitingCount="1" stopTime="0.00" timeLoss="23.11" rerouteNo="1" devices="tripinfo_f_5.2 routing_f_5.2" vType="DEFAULT_VEHTYPE" speedFactor="1.09" vaporized=""/>
    <tripinfo id="f_10.0" depart="0.00" departLane="-725375416#6_0" departPos="5.10" departSpeed="0.00" departDelay="0.00" arrival="190.00" arrivalLane="-1163561344_0" arrivalPos="585.89" arrivalSpeed="14.56" duration="190.00" routeLength="2497.74" waitingTime="2.00" waitingCount="2" stopTime="0.00" timeLoss="28.97" rerouteNo="0" devices="tripinfo_f_10.0" vType="DEFAULT_VEHTYPE" speedFactor="0.94" vaporized=""/>
    <tripinfo id="f_1.3" depart="8.00" departLane="1333603839_1" departPos="222.51" departSpeed="14.71" departDelay="0.80" arrival="192.00" arrivalLane="27635063#4_0" arrivalPos="711.55" arrivalSpeed="19.50" duration="184.00" routeLength="3259.14" waitingTime="3.00" waitingCount="2" stopTime="0.00" timeLoss="18.08" rerouteNo="0" devices="tripinfo_f_1.3" vType="DEFAULT_VEHTYPE" speedFactor="1.18" vaporized=""/>
    <tripinfo id="f_10.2" depart="18.00" departLane="-725375416#6_0" departPos="5.10" departSpeed="0.00" departDelay="3.60" arrival="192.00" arrivalLane="-1163561344_0" arrivalPos="585.89" arrivalSpeed="17.77" duration="174.00" routeLength="2497.74" waitingTime="4.00" waitingCount="3" stopTime="0.00" timeLoss="42.11" rerouteNo="0" devices="tripinfo_f_10.2" vType="DEFAULT_VEHTYPE" speedFactor="1.14" vaporized=""/>
    <tripinfo id="f_6.41" depart="123.00" departLane="620382518#0_3" departPos="111.81" departSpeed="16.09" departDelay="0.00" arrival="193.00" arrivalLane="806873922_0" arrivalPos="786.16" arrivalSpeed="16.81" duration="70.00" routeLength="1009.19" waitingTime="1.00" waitingCount="1" stopTime="0.00" timeLoss="12.01" rerouteNo="0" devices="tripinfo_f_6.41" vType="DEFAULT_VEHTYPE" speedFactor="1.05" vaporized=""/>
    <tripinfo id="f_9.2" depart="21.00" departLane="-725375416#6_1" departPos="5.10" departSpeed="0.00" departDelay="3.00" arrival="194.00" arrivalLane="-376377928#2_0" arrivalPos="546.15" arrivalSpeed="17.04" duration="173.00" routeLength="2457.40" waitingTime="1.00" waitingCount="1" stopTime="0.00" timeLoss="32.59" rerouteNo="0" devices="tripinfo_f_9.2" vType="DEFAULT_VEHTYPE" speedFactor="1.06" vaporized=""/>
    <tripinfo id="f_3.1" depart="3.00" departLane="28057733_1" departPos="5.10" departSpeed="0.00" departDelay="0.00" arrival="195.00" arrivalLane="806873922_0" arrivalPos="786.16" arrivalSpeed="15.14" duration="192.00" routeLength="2453.24" waitingTime="10.00" waitingCount="2" stopTime="0.00" timeLoss="35.08" rerouteNo="1" devices="tripinfo_f_3.1 routing_f_3.1" vType="DEFAULT_VEHTYPE" speedFactor="0.94" vaporized=""/>
    <tripinfo id="f_6.40" depart="120.00" departLane="620382518#0_2" departPos="84.96" departSpeed="16.37" departDelay="0.00" arrival="196.00" arrivalLane="806873922_1" arrivalPos="786.16" arrivalSpeed="15.82" duration="76.00" routeLength="1038.92" waitingTime="2.00" waitingCount="2" stopTime="0.00" timeLoss="13.50" rerouteNo="0" devices="tripinfo_f_6.40" vType="DEFAULT_VEHTYPE" speedFactor="1.01" vaporized=""/>
    <tripinfo id="f_7.1" depart="6.00" departLane="-725375416#6_0" departPos="5.10" departSpeed="0.00" departDelay="2.40" arrival="198.00" arrivalLane="1333603841_0" arrivalPos="394.58" arrivalSpeed="15.86" duration="192.00" routeLength="2769.34" waitingTime="0.00" waitingCount="0" stopTime="0.00" timeLoss="26.90" rerouteNo="0" devices="tripinfo_f_7.1" vType="DEFAULT_VEHTYPE" speedFactor="1.01" vaporized=""/>
    <tripinfo id="f_7.3" depart="15.00" departLane="-725375416#6_0" departPos="5.10" departSpeed="0.00" departDelay="4.20" arrival="198.00" arrivalLane="1333603841_1" arrivalPos="394.58" arrivalSpeed="17.56" duration="183.00" routeLength="2766.49" waitingTime="1.00" waitingCount="1" stopTime="0.00" timeLoss="30.34" rerouteNo="0" devices="tripinfo_f_7.3" vType="DEFAULT_VEHTYPE" speedFactor="1.09" vaporized=""/>
    <tripinfo id="f_7.4" depart="21.00" departLane="-725375416#6_0" departPos="5.10" departSpeed="0.00" departDelay="6.60" arrival="200.00" arrivalLane="1333603841_0" arrivalPos="394.58" arrivalSpeed="17.36" duration="179.00" routeLength="2766.49" waitingTime="0.00" waitingCount="0" stopTime="0.00" timeLoss="25.52" rerouteNo="0" devices="tripinfo_f_7.4" vType="DEFAULT_VEHTYPE" speedFactor="1.08" vaporized=""/>
    <tripinfo id="f_11.6" depart="27.00" departLane="28057733_0" departPos="5.10" departSpeed="0.00" departDelay="0.00" arrival="200.00" arrivalLane="260318194#0.1430_0" arrivalPos="56.80" arrivalSpeed="18.08" duration="173.00" routeLength="2028.12" waitingTime="33.00" waitingCount="3" stopTime="0.00" timeLoss="60.44" rerouteNo="1" devices="tripinfo_f_11.6 routing_f_11.6" vType="DEFAULT_VEHTYPE" speedFactor="1.09" vaporized=""/>
    <tripinfo id="f_13.0" depart="0.00" departLane="-382642090#1_0" departPos="5.10" departSpeed="0.00" departDelay="0.00" arrival="203.00" arrivalLane="806873922_0" arrivalPos="786.16" arrivalSpeed="15.56" duration="203.00" routeLength="2447.03" waitingTime="35.00" waitingCount="2" stopTime="0.00" timeLoss="57.26" rerouteNo="1" devices="tripinfo_f_13.0 routing_f_13.0" vType="DEFAULT_VEHTYPE" speedFactor="1.01" vaporized=""/>
    <tripinfo id="f_0.0" depart="0.00" departLane="1333603839_1" departPos="363.59" departSpeed="16.67" departDelay="0.00" arrival="204.00" arrivalLane="-376377928#2_1" arrivalPos="546.15" arrivalSpeed="17.00" duration="204.00" routeLength="2955.82" waitingTime="12.00" waitingCount="3" stopTime="0.00" timeLoss="33.53" rerouteNo="0" devices="tripinfo_f_0.0" vType="DEFAULT_VEHTYPE" speedFactor="1.05" vaporized=""/>
    <tripinfo id="f_9.0" depart="3.00" departLane="-725375416#6_1" departPos="5.10" departSpeed="0.00" departDelay="3.00" arrival="207.00" arrivalLane="-376377928#2_0" arrivalPos="546.15" arrivalSpeed="14.26" duration="204.00" routeLength="2457.40" waitingTime="16.00" waitingCount="4" stopTime="0.00" timeLoss="44.47" rerouteNo="0" devices="tripinfo_f_9.0" vType="DEFAULT_VEHTYPE" speedFactor="0.93" vaporized=""/>
    <tripinfo id="f_10.3" depart="27.00" departLane="-725375416#6_0" departPos="5.10" departSpeed="0.00" departDelay="5.40" arrival="207.00" arrivalLane="-1163561344_0" arrivalPos="585.89" arrivalSpeed="15.95" duration="180.00" routeLength="2494.89" waitingTime="4.00" waitingCount="1" stopTime="0.00" timeLoss="34.40" rerouteNo="0" devices="tripinfo_f_10.3" vType="DEFAULT_VEHTYPE" speedFactor="1.03" vaporized=""/>
    <tripinfo id="f_13.1" depart="18.00" departLane="-382642090#1_0" departPos="5.10" departSpeed="0.00" departDelay="0.00" arrival="209.00" arrivalLane="806873922_0" arrivalPos="786.16" arrivalSpeed="15.55" duration="191.00" routeLength="2447.03" waitingTime="12.00" waitingCount="2" stopTime="0.00" timeLoss="34.11" rerouteNo="1" devices="tripinfo_f_13.1 routing_f_13.1" vType="DEFAULT_VEHTYPE" speedFactor="0.94" vaporized=""/>
    <tripinfo id="f_11.8" depart="36.00" departLane="28057733_0" departPos="5.10" departSpeed="0.00" departDelay="0.00" arrival="209.00" arrivalLane="260318194#0.1430_1" arrivalPos="56.80" arrivalSpeed="20.24" duration="173.00" routeLength="2028.12" waitingTime="33.00" waitingCount="3" stopTime="0.00" timeLoss="72.48" rerouteNo="1" devices="tripinfo_f_11.8 routing_f_11.8" vType="DEFAULT_VEHTYPE" speedFactor="1.23" vaporized=""/>
    <tripinfo id="f_5.3" depart="15.00" departLane="311744445#0_1" departPos="5.10" departSpeed="0.00" departDelay="0.60" arrival="211.00" arrivalLane="260318194#0.1430_0" arrivalPos="56.80" arrivalSpeed="15.55" duration="196.00" routeLength="2810.54" waitingTime="7.00" waitingCount="1" stopTime="0.00" timeLoss="25.54" rerouteNo="1" devices="tripinfo_f_5.3 routing_f_5.3" vType="DEFAULT_VEHTYPE" speedFactor="1.00" vaporized=""/>
    <tripinfo id="f_6.39" depart="117.00" departLane="620382518#0_3" departPos="33.71" departSpeed="13.39" departDelay="0.00" arrival="212.00" arrivalLane="806873922_0" arrivalPos="786.16" arrivalSpeed="12.84" duration="95.00" routeLength="1087.29" waitingTime="0.00" waitingCount="0" stopTime="0.00" timeLoss="13.42" rerouteNo="0" devices="tripinfo_f_6.39" vType="DEFAULT_VEHTYPE" speedFactor="0.80" vaporized=""/>
    <tripinfo id="f_6.46" depart="138.00" departLane="620382518#0_3" departPos="54.52" departSpeed="16.55" departDelay="0.00" arrival="212.00" arrivalLane="806873922_1" arrivalPos="786.16" arrivalSpeed="15.53" duration="74.00" routeLength="1066.48" waitingTime="0.00" waitingCount="0" stopTime="0.00" timeLoss="9.50" rerouteNo="0" devices="tripinfo_f_6.46" vType="DEFAULT_VEHTYPE" speedFactor="0.99" vaporized=""/>
    <tripinfo id="f_6.42" depart="126.00" departLane="620382518#0_3" departPos="58.83" departSpeed="6.91" departDelay="0.00" arrival="214.00" arrivalLane="806873922_0" arrivalPos="786.16" arrivalSpeed="14.84" duration="88.00" routeLength="1062.17" waitingTime="6.00" waitingCount="1" stopTime="0.00" timeLoss="20.65" rerouteNo="0" devices="tripinfo_f_6.42" vType="DEFAULT_VEHTYPE" speedFactor="0.96" vaporized=""/>
    <tripinfo id="f_6.47" depart="141.00" departLane="620382518#0_2" departPos="31.58" departSpeed="9.06" departDelay="0.00" arrival="214.00" arrivalLane="806873922_1" arrivalPos="786.16" arrivalSpeed="16.87" duration="73.00" routeLength="1092.30" waitingTime="0.00" waitingCount="0" stopTime="0.00" timeLoss="9.75" rerouteNo="0" devices="tripinfo_f_6.47" vType="DEFAULT_VEHTYPE" speedFactor="1.04" vaporized=""/>
    <tripinfo id="f_6.43" depart="129.00" departLane="620382518#0_2" departPos="86.39" departSpeed="14.82" departDelay="0.00" arrival="215.00" arrivalLane="806873922_0" arrivalPos="786.16" arrivalSpeed="14.26" duration="86.00" routeLength="1037.49" waitingTime="5.00" waitingCount="1" stopTime="0.00" timeLoss="16.02" rerouteNo="0" devices="tripinfo_f_6.43" vType="DEFAULT_VEHTYPE" speedFactor="0.89" vaporized=""/>
    <tripinfo id="f_11.7" depart="32.00" departLane="28057733_0" departPos="5.10" departSpeed="0.00" departDelay="0.50" arrival="216.00" arrivalLane="260318194#0.1430_0" arrivalPos="56.80" arrivalSpeed="17.64" duration="184.00" routeLength="2028.12" waitingTime="36.00" waitingCount="3" stopTime="0.00" timeLoss="68.74" rerouteNo="1" devices="tripinfo_f_11.7 routing_f_11.7" vType="DEFAULT_VEHTYPE" speedFactor="1.06" vaporized=""/>
    <tripinfo id="f_6.49" depart="147.00" departLane="620382518#0_3" departPos="105.04" departSpeed="15.32" departDelay="0.00" arrival="216.00" arrivalLane="806873922_1" arrivalPos="786.16" arrivalSpeed="16.90" duration="69.00" routeLength="1015.96" waitingTime="1.00" waitingCount="1" stopTime="0.00" timeLoss="11.38" rerouteNo="0" devices="tripinfo_f_6.49" vType="DEFAULT_VEHTYPE" speedFactor="1.07" vaporized=""/>
    <tripinfo id="f_6.44" depart="132.00" departLane="620382518#0_2" departPos="34.45" departSpeed="13.79" departDelay="0.00" arrival="217.00" arrivalLane="806873922_0" arrivalPos="786.16" arrivalSpeed="18.42" duration="85.00" routeLength="1089.43" waitingTime="3.00" waitingCount="1" stopTime="0.00" timeLoss="30.56" rerouteNo="0" devices="tripinfo_f_6.44" vType="DEFAULT_VEHTYPE" speedFactor="1.21" vaporized=""/>
    <tripinfo id="f_6.45" depart="135.00" departLane="620382518#0_2" departPos="51.72" departSpeed="17.34" departDelay="0.00" arrival="217.00" arrivalLane="806873922_1" arrivalPos="786.16" arrivalSpeed="17.25" duration="82.00" routeLength="1072.16" waitingTime="1.00" waitingCount="1" stopTime="0.00" timeLoss="19.87" rerouteNo="0" devices="tripinfo_f_6.45" vType="DEFAULT_VEHTYPE" speedFactor="1.04" vaporized=""/>
    <tripinfo id="f_12.1" depart="9.00" departLane="-382642090#1_0" departPos="5.10" departSpeed="0.00" departDelay="0.00" arrival="222.00" arrivalLane="1333603841_1" arrivalPos="394.58" arrivalSpeed="19.24" duration="213.00" routeLength="3457.11" waitingTime="6.00" waitingCount="1" stopTime="0.00" timeLoss="37.04" rerouteNo="0" devices="tripinfo_f_12.1" vType="DEFAULT_VEHTYPE" speedFactor="1.18" vaporized=""/>
    <tripinfo id="f_3.3" depart="9.00" departLane="28057733_1" departPos="5.10" departSpeed="0.00" departDelay="0.00" arrival="223.00" arrivalLane="806873922_0" arrivalPos="786.16" arrivalSpeed="15.92" duration="214.00" routeLength="2453.24" waitingTime="31.00" waitingCount="3" stopTime="0.00" timeLoss="62.04" rerouteNo="1" devices="tripinfo_f_3.3 routing_f_3.3" vType="DEFAULT_VEHTYPE" speedFactor="0.97" vaporized=""/>
    <tripinfo id="f_0.1" depart="6.00" departLane="1333603839_1" departPos="303.30" departSpeed="14.78" departDelay="0.00" arrival="224.00" arrivalLane="-376377928#2_0" arrivalPos="546.15" arrivalSpeed="15.11" duration="218.00" routeLength="3016.11" waitingTime="7.00" waitingCount="2" stopTime="0.00" timeLoss="25.63" rerouteNo="0" devices="tripinfo_f_0.1" vType="DEFAULT_VEHTYPE" speedFactor="0.95" vaporized=""/>
    <tripinfo id="f_7.5" depart="24.00" departLane="-725375416#6_0" departPos="5.10" departSpeed="0.00" departDelay="6.00" arrival="225.00" arrivalLane="1333603841_0" arrivalPos="394.58" arrivalSpeed="15.62" duration="201.00" routeLength="2769.34" waitingTime="4.00" waitingCount="1" stopTime="0.00" timeLoss="29.77" rerouteNo="0" devices="tripinfo_f_7.5" vType="DEFAULT_VEHTYPE" speedFactor="0.97" vaporized=""/>
    <tripinfo id="f_10.5" depart="45.00" departLane="-725375416#6_0" departPos="5.10" departSpeed="0.00" departDelay="9.00" arrival="225.00" arrivalLane="-1163561344_0" arrivalPos="585.89" arrivalSpeed="18.27" duration="180.00" routeLength="2494.89" waitingTime="10.00" waitingCount="2" stopTime="0.00" timeLoss="44.21" rerouteNo="0" devices="tripinfo_f_10.5" vType="DEFAULT_VEHTYPE" speedFactor="1.11" vaporized=""/>
    <tripinfo id="f_7.6" depart="30.00" departLane="-725375416#6_0" departPos="5.10" departSpeed="0.00" departDelay="8.40" arrival="226.00" arrivalLane="1333603841_1" arrivalPos="394.58" arrivalSpeed="16.40" duration="196.00" routeLength="2766.49" waitingTime="4.00" waitingCount="2" stopTime="0.00" timeLoss="32.28" rerouteNo="0" devices="tripinfo_f_7.6" vType="DEFAULT_VEHTYPE" speedFactor="1.02" vaporized=""/>
    <tripinfo id="f_7.8" depart="39.00" departLane="-725375416#6_0" departPos="5.10" departSpeed="0.00" departDelay="10.20" arrival="228.00" arrivalLane="1333603841_0" arrivalPos="394.58" arrivalSpeed="16.76" duration="189.00" routeLength="2766.49" waitingTime="0.00" waitingCount="0" stopTime="0.00" timeLoss="28.40" rerouteNo="0" devices="tripinfo_f_7.8" vType="DEFAULT_VEHTYPE" speedFactor="1.03" vaporized=""/>
    <tripinfo id="f_6.48" depart="144.00" departLane="620382518#0_3" departPos="30.12" departSpeed="9.60" departDelay="0.00" arrival="228.00" arrivalLane="806873922_0" arrivalPos="786.16" arrivalSpeed="16.77" duration="84.00" routeLength="1090.88" waitingTime="3.00" waitingCount="2" stopTime="0.00" timeLoss="19.17" rerouteNo="0" devices="tripinfo_f_6.48" vType="DEFAULT_VEHTYPE" speedFactor="1.01" vaporized=""/>
    <tripinfo id="f_5.0" depart="0.00" departLane="311744445#0_0" departPos="5.10" departSpeed="0.00" departDelay="0.00" arrival="230.00" arrivalLane="260318194#0.1430_0" arrivalPos="56.80" arrivalSpeed="13.26" duration="230.00" routeLength="2805.31" waitingTime="4.00" waitingCount="1" stopTime="0.00" timeLoss="25.62" rerouteNo="1" devices="tripinfo_f_5.0 routing_f_5.0" vType="DEFAULT_VEHTYPE" speedFactor="0.83" vaporized=""/>
    <tripinfo id="f_6.52" depart="156.00" departLane="620382518#0_2" departPos="115.50" departSpeed="4.38" departDelay="0.00" arrival="230.00" arrivalLane="806873922_1" arrivalPos="786.16" arrivalSpeed="16.57" duration="74.00" routeLength="1005.50" waitingTime="0.00" waitingCount="0" stopTime="0.00" timeLoss="14.02" rerouteNo="0" devices="tripinfo_f_6.52" vType="DEFAULT_VEHTYPE" speedFactor="1.01" vaporized=""/>
    <tripinfo id="f_3.2" depart="6.00" departLane="28057733_1" departPos="5.10" departSpeed="0.00" departDelay="0.00" arrival="231.00" arrivalLane="806873922_0" arrivalPos="786.16" arrivalSpeed="14.58" duration="225.00" routeLength="2453.24" waitingTime="32.00" waitingCount="3" stopTime="0.00" timeLoss="63.72" rerouteNo="1" devices="tripinfo_f_3.2 routing_f_3.2" vType="DEFAULT_VEHTYPE" speedFactor="0.92" vaporized=""/>
    <tripinfo id="f_5.7" depart="34.00" departLane="311744445#0_1" departPos="5.10" departSpeed="0.00" departDelay="0.40" arrival="232.00" arrivalLane="260318194#0.1430_1" arrivalPos="56.80" arrivalSpeed="17.81" duration="198.00" routeLength="2810.54" waitingTime="13.00" waitingCount="2" stopTime="0.00" timeLoss="39.48" rerouteNo="1" devices="tripinfo_f_5.7 routing_f_5.7" vType="DEFAULT_VEHTYPE" speedFactor="1.07" vaporized=""/>
    <tripinfo id="veh129" depart="31.00" departLane="100267307#0_1" departPos="5.10" departSpeed="0.00" departDelay="0.10" arrival="233.00" arrivalLane="125598634_0" arrivalPos="21.80" arrivalSpeed="13.81" duration="202.00" routeLength="3275.77" waitingTime="0.00" waitingCount="0" stopTime="0.00" timeLoss="15.02" rerouteNo="1" devices="tripinfo_veh129 routing_veh129" vType="veh_passenger" speedFactor="1.06" vaporized=""/>
    <tripinfo id="f_14.0" depart="0.00" departLane="196896350_0" departPos="5.10" departSpeed="0.00" departDelay="0.00" arrival="233.00" arrivalLane="86398265#3_0" arrivalPos="112.42" arrivalSpeed="17.37" duration="233.00" routeLength="3834.38" waitingTime="1.00" waitingCount="1" stopTime="0.00" timeLoss="20.15" rerouteNo="1" devices="tripinfo_f_14.0 routing_f_14.0" vType="DEFAULT_VEHTYPE" speedFactor="1.08" vaporized=""/>
    <tripinfo id="f_8.0" depart="0.00" departLane="-725375416#6_1" departPos="5.10" departSpeed="0.00" departDelay="0.00" arrival="234.00" arrivalLane="260318194#0.1430_1" arrivalPos="56.80" arrivalSpeed="16.46" duration="234.00" routeLength="3378.47" waitingTime="7.00" waitingCount="2" stopTime="0.00" timeLoss="28.63" rerouteNo="0" devices="tripinfo_f_8.0" vType="DEFAULT_VEHTYPE" speedFactor="0.99" vaporized=""/>
    <tripinfo id="f_5.4" depart="20.00" departLane="311744445#0_0" departPos="5.10" departSpeed="0.00" departDelay="0.80" arrival="234.00" arrivalLane="260318194#0.1430_0" arrivalPos="56.80" arrivalSpeed="15.74" duration="214.00" routeLength="2805.31" waitingTime="10.00" waitingCount="3" stopTime="0.00" timeLoss="36.58" rerouteNo="1" devices="tripinfo_f_5.4 routing_f_5.4" vType="DEFAULT_VEHTYPE" speedFactor="0.96" vaporized=""/>
    <tripinfo id="f_7.10" depart="48.00" departLane="-725375416#6_0" departPos="5.10" departSpeed="0.00" departDelay="12.00" arrival="234.00" arrivalLane="1333603841_1" arrivalPos="394.58" arrivalSpeed="17.73" duration="186.00" routeLength="2766.49" waitingTime="3.00" waitingCount="2" stopTime="0.00" timeLoss="39.62" rerouteNo="0" devices="tripinfo_f_7.10" vType="DEFAULT_VEHTYPE" speedFactor="1.14" vaporized=""/>
    <tripinfo id="f_1.0" depart="0.00" departLane="1333603839_1" departPos="290.75" departSpeed="14.77" departDelay="0.00" arrival="235.00" arrivalLane="27635063#4_0" arrivalPos="711.55" arrivalSpeed="13.70" duration="235.00" routeLength="3190.90" waitingTime="2.00" waitingCount="1" stopTime="0.00" timeLoss="18.55" rerouteNo="0" devices="tripinfo_f_1.0" vType="DEFAULT_VEHTYPE" speedFactor="0.89" vaporized=""/>
    <tripinfo id="f_4.5" depart="9.00" departLane="430094884#0_1" departPos="5.10" departSpeed="0.00" departDelay="0.00" arrival="236.00" arrivalLane="260318194#0.1430_1" arrivalPos="56.80" arrivalSpeed="17.79" duration="227.00" routeLength="3846.98" waitingTime="0.00" waitingCount="0" stopTime="0.00" timeLoss="16.88" rerouteNo="0" devices="tripinfo_f_4.5" vType="DEFAULT_VEHTYPE" speedFactor="1.10" vaporized=""/>
    <tripinfo id="f_7.7" depart="33.00" departLane="-725375416#6_0" departPos="5.10" departSpeed="0.00" departDelay="7.80" arrival="236.00" arrivalLane="1333603841_0" arrivalPos="394.58" arrivalSpeed="14.90" duration="203.00" routeLength="2766.49" waitingTime="0.00" waitingCount="0" stopTime="0.00" timeLoss="22.47" rerouteNo="0" devices="tripinfo_f_7.7" vType="DEFAULT_VEHTYPE" speedFactor="0.92" vaporized=""/>
    <tripinfo id="f_6.50" depart="150.00" departLane="620382518#0_2" departPos="50.92" departSpeed="14.61" departDelay="0.00" arrival="239.00" arrivalLane="806873922_0" arrivalPos="786.16" arrivalSpeed="16.04" duration="89.00" routeLength="1072.96" waitingTime="5.00" waitingCount="2" stopTime="0.00" timeLoss="22.24" rerouteNo="0" devices="tripinfo_f_6.50" vType="DEFAULT_VEHTYPE" speedFactor="0.98" vaporized=""/>
    <tripinfo id="f_9.1" depart="12.00" departLane="-725375416#6_1" departPos="5.10" departSpeed="0.00" departDelay="3.00" arrival="240.00" arrivalLane="-376377928#2_1" arrivalPos="546.15" arrivalSpeed="15.12" duration="228.00" routeLength="2457.40" waitingTime="37.00" waitingCount="6" stopTime="0.00" timeLoss="73.88" rerouteNo="0" devices="tripinfo_f_9.1" vType="DEFAULT_VEHTYPE" speedFactor="0.96" vaporized=""/>
    <tripinfo id="f_5.11" depart="53.00" departLane="311744445#0_1" departPos="5.10" departSpeed="0.00" departDelay="0.20" arrival="240.00" arrivalLane="260318194#0.1430_1" arrivalPos="56.80" arrivalSpeed="17.59" duration="187.00" routeLength="2810.54" waitingTime="3.00" waitingCount="2" stopTime="0.00" timeLoss="27.82" rerouteNo="1" devices="tripinfo_f_5.11 routing_f_5.11" vType="DEFAULT_VEHTYPE" speedFactor="1.07" vaporized=""/>
    <tripinfo id="f_6.51" depart="153.00" departLane="620382518#0_3" departPos="32.22" departSpeed="2.70" departDelay="0.00" arrival="240.00" arrivalLane="806873922_0" arrivalPos="786.16" arrivalSpeed="15.38" duration="87.00" routeLength="1088.78" waitingTime="3.00" waitingCount="1" stopTime="0.00" timeLoss="20.61" rerouteNo="0" devices="tripinfo_f_6.51" vType="DEFAULT_VEHTYPE" speedFactor="0.99" vaporized=""/>
    <tripinfo id="f_9.3" depart="30.00" departLane="-725375416#6_1" departPos="5.10" departSpeed="0.00" departDelay="3.00" arrival="241.00" arrivalLane="-376377928#2_0" arrivalPos="546.15" arrivalSpeed="15.77" duration="211.00" routeLength="2457.40" waitingTime="24.00" waitingCount="4" stopTime="0.00" timeLoss="58.15" rerouteNo="0" devices="tripinfo_f_9.3" vType="DEFAULT_VEHTYPE" speedFactor="0.97" vaporized=""/>
    <tripinfo id="f_5.6" depart="29.00" departLane="311744445#0_0" departPos="5.10" departSpeed="0.00" departDelay="0.20" arrival="241.00" arrivalLane="260318194#0.1430_0" arrivalPos="56.80" arrivalSpeed="15.53" duration="212.00" routeLength="2805.31" waitingTime="10.00" waitingCount="2" stopTime="0.00" timeLoss="33.51" rerouteNo="1" devices="tripinfo_f_5.6 routing_f_5.6" vType="DEFAULT_VEHTYPE" speedFactor="0.95" vaporized=""/>
    <tripinfo id="f_11.9" depart="41.00" departLane="28057733_0" departPos="5.10" departSpeed="0.00" departDelay="0.50" arrival="242.00" arrivalLane="260318194#0.1430_2" arrivalPos="56.80" arrivalSpeed="17.97" duration="201.00" routeLength="2028.12" waitingTime="51.00" waitingCount="6" stopTime="0.00" timeLoss="91.25" rerouteNo="1" devices="tripinfo_f_11.9 routing_f_11.9" vType="DEFAULT_VEHTYPE" speedFactor="1.12" vaporized=""/>
    <tripinfo id="f_5.9" depart="44.00" departLane="311744445#0_1" departPos="5.10" departSpeed="0.00" departDelay="0.80" arrival="242.00" arrivalLane="260318194#0.1430_1" arrivalPos="56.80" arrivalSpeed="16.47" duration="198.00" routeLength="2810.54" waitingTime="3.00" waitingCount="2" stopTime="0.00" timeLoss="26.89" rerouteNo="1" devices="tripinfo_f_5.9 routing_f_5.9" vType="DEFAULT_VEHTYPE" speedFactor="0.99" vaporized=""/>
    <tripinfo id="f_4.7" depart="13.00" departLane="430094884#0_0" departPos="5.10" departSpeed="0.00" departDelay="0.40" arrival="243.00" arrivalLane="260318194#0.1430_2" arrivalPos="56.80" arrivalSpeed="18.40" duration="230.00" routeLength="3846.98" waitingTime="5.00" waitingCount="2" stopTime="0.00" timeLoss="32.54" rerouteNo="0" devices="tripinfo_f_4.7" vType="DEFAULT_VEHTYPE" speedFactor="1.17" vaporized=""/>
    <tripinfo id="f_1.7" depart="17.00" departLane="1333603839_1" departPos="278.96" departSpeed="15.83" departDelay="0.20" arrival="244.00" arrivalLane="27635063#4_0" arrivalPos="711.55" arrivalSpeed="18.60" duration="227.00" routeLength="3202.69" waitingTime="17.00" waitingCount="2" stopTime="0.00" timeLoss="54.96" rerouteNo="0" devices="tripinfo_f_1.7" vType="DEFAULT_VEHTYPE" speedFactor="1.12" vaporized=""/>
    <tripinfo id="f_5.8" depart="39.00" departLane="311744445#0_0" departPos="5.10" departSpeed="0.00" departDelay="0.60" arrival="244.00" arrivalLane="260318194#0.1430_0" arrivalPos="56.80" arrivalSpeed="15.81" duration="205.00" routeLength="2805.31" waitingTime="8.00" waitingCount="2" stopTime="0.00" timeLoss="29.61" rerouteNo="1" devices="tripinfo_f_5.8 routing_f_5.8" vType="DEFAULT_VEHTYPE" speedFactor="0.96" vaporized=""/>
    <tripinfo id="f_6.55" depart="165.00" departLane="620382518#0_2" departPos="35.89" departSpeed="5.72" departDelay="0.00" arrival="244.00" arrivalLane="806873922_0" arrivalPos="786.16" arrivalSpeed="17.34" duration="79.00" routeLength="1087.99" waitingTime="0.00" waitingCount="0" stopTime="0.00" timeLoss="17.62" rerouteNo="0" devices="tripinfo_f_6.55" vType="DEFAULT_VEHTYPE" speedFactor="1.06" vaporized=""/>
    <tripinfo id="f_5.10" depart="48.00" departLane="311744445#0_0" departPos="5.10" departSpeed="0.00" departDelay="0.00" arrival="246.00" arrivalLane="260318194#0.1430_1" arrivalPos="56.80" arrivalSpeed="17.60" duration="198.00" routeLength="2805.31" waitingTime="0.00" waitingCount="0" stopTime="0.00" timeLoss="38.85" rerouteNo="1" devices="tripinfo_f_5.10 routing_f_5.10" vType="DEFAULT_VEHTYPE" speedFactor="1.06" vaporized=""/>
    <tripinfo id="f_4.3" depart="6.00" departLane="430094884#0_3" departPos="5.10" departSpeed="0.00" departDelay="0.60" arrival="247.00" arrivalLane="260318194#0.1430_2" arrivalPos="56.80" arrivalSpeed="17.79" duration="241.00" routeLength="3846.98" waitingTime="5.00" waitingCount="2" stopTime="0.00" timeLoss="36.36" rerouteNo="0" devices="tripinfo_f_4.3" vType="DEFAULT_VEHTYPE" speedFactor="1.13" vaporized=""/>
    <tripinfo id="f_10.6" depart="54.00" departLane="-725375416#6_0" departPos="5.10" departSpeed="0.00" departDelay="10.80" arrival="247.00" arrivalLane="-1163561344_1" arrivalPos="585.89" arrivalSpeed="17.42" duration="193.00" routeLength="2494.89" waitingTime="11.00" waitingCount="2" stopTime="0.00" timeLoss="49.67" rerouteNo="0" devices="tripinfo_f_10.6" vType="DEFAULT_VEHTYPE" speedFactor="1.05" vaporized=""/>
    <tripinfo id="f_6.57" depart="171.00" departLane="620382518#0_3" departPos="48.85" departSpeed="8.85" departDelay="0.00" arrival="247.00" arrivalLane="806873922_0" arrivalPos="786.16" arrivalSpeed="17.10" duration="76.00" routeLength="1072.15" waitingTime="1.00" waitingCount="1" stopTime="0.00" timeLoss="14.39" rerouteNo="0" devices="tripinfo_f_6.57" vType="DEFAULT_VEHTYPE" speedFactor="1.05" vaporized=""/>
    <tripinfo id="f_5.5" depart="24.00" departLane="311744445#0_1" departPos="5.10" departSpeed="0.00" departDelay="0.00" arrival="248.00" arrivalLane="260318194#0.1430_1" arrivalPos="56.80" arrivalSpeed="16.61" duration="224.00" routeLength="2810.54" waitingTime="12.00" waitingCount="3" stopTime="0.00" timeLoss="54.17" rerouteNo="1" devices="tripinfo_f_5.5 routing_f_5.5" vType="DEFAULT_VEHTYPE" speedFactor="1.00" vaporized=""/>
    <tripinfo id="f_12.4" depart="39.00" departLane="-382642090#1_0" departPos="5.10" departSpeed="0.00" departDelay="3.00" arrival="248.00" arrivalLane="1333603841_1" arrivalPos="394.58" arrivalSpeed="18.52" duration="209.00" routeLength="3457.11" waitingTime="0.00" waitingCount="0" stopTime="0.00" timeLoss="30.24" rerouteNo="0" devices="tripinfo_f_12.4" vType="DEFAULT_VEHTYPE" speedFactor="1.16" vaporized=""/>
    <tripinfo id="f_5.1" depart="5.00" departLane="311744445#0_1" departPos="5.10" departSpeed="0.00" departDelay="0.20" arrival="249.00" arrivalLane="260318194#0.1430_0" arrivalPos="56.80" arrivalSpeed="12.92" duration="244.00" routeLength="2805.31" waitingTime="11.00" waitingCount="2" stopTime="0.00" timeLoss="38.97" rerouteNo="1" devices="tripinfo_f_5.1 routing_f_5.1" vType="DEFAULT_VEHTYPE" speedFactor="0.83" vaporized=""/>
    <tripinfo id="f_14.5" depart="23.00" departLane="196896350_0" departPos="5.10" departSpeed="0.00" departDelay="0.50" arrival="249.00" arrivalLane="86398265#3_0" arrivalPos="112.42" arrivalSpeed="18.31" duration="226.00" routeLength="3834.38" waitingTime="2.00" waitingCount="1" stopTime="0.00" timeLoss="25.17" rerouteNo="1" devices="tripinfo_f_14.5 routing_f_14.5" vType="DEFAULT_VEHTYPE" speedFactor="1.15" vaporized=""/>
    <tripinfo id="f_7.11" depart="51.00" departLane="-725375416#6_0" departPos="5.10" departSpeed="0.00" departDelay="11.40" arrival="249.00" arrivalLane="1333603841_0" arrivalPos="394.58" arrivalSpeed="16.81" duration="198.00" routeLength="2766.49" waitingTime="3.00" waitingCount="1" stopTime="0.00" timeLoss="41.81" rerouteNo="0" devices="tripinfo_f_7.11" vType="DEFAULT_VEHTYPE" speedFactor="1.06" vaporized=""/>
    <tripinfo id="f_6.59" depart="177.00" departLane="620382518#0_3" departPos="11.70" departSpeed="11.27" departDelay="0.00" arrival="249.00" arrivalLane="806873922_1" arrivalPos="786.16" arrivalSpeed="17.54" duration="72.00" routeLength="1109.30" waitingTime="0.00" waitingCount="0" stopTime="0.00" timeLoss="12.49" rerouteNo="0" devices="tripinfo_f_6.59" vType="DEFAULT_VEHTYPE" speedFactor="1.13" vaporized=""/>
    <tripinfo id="f_6.53" depart="159.00" departLane="620382518#0_2" departPos="85.99" departSpeed="0.03" departDelay="0.00" arrival="250.00" arrivalLane="806873922_0" arrivalPos="786.16" arrivalSpeed="13.34" duration="91.00" routeLength="1037.89" waitingTime="2.00" waitingCount="1" stopTime="0.00" timeLoss="16.57" rerouteNo="0" devices="tripinfo_f_6.53" vType="DEFAULT_VEHTYPE" speedFactor="0.84" vaporized=""/>
    <tripinfo id="f_12.3" depart="27.00" departLane="-382642090#1_0" departPos="5.10" departSpeed="0.00" departDelay="0.00" arrival="251.00" arrivalLane="1333603841_1" arrivalPos="394.58" arrivalSpeed="17.77" duration="224.00" routeLength="3457.11" waitingTime="6.00" waitingCount="2" stopTime="0.00" timeLoss="37.91" rerouteNo="0" devices="tripinfo_f_12.3" vType="DEFAULT_VEHTYPE" speedFactor="1.12" vaporized=""/>
    <tripinfo id="f_6.56" depart="168.00" departLane="620382518#0_2" departPos="103.41" departSpeed="8.56" departDelay="0.00" arrival="251.00" arrivalLane="806873922_1" arrivalPos="786.16" arrivalSpeed="15.75" duration="83.00" routeLength="1020.47" waitingTime="1.00" waitingCount="1" stopTime="0.00" timeLoss="20.74" rerouteNo="0" devices="tripinfo_f_6.56" vType="DEFAULT_VEHTYPE" speedFactor="1.00" vaporized=""/>
    <tripinfo id="f_4.0" depart="0.00" departLane="430094884#0_0" departPos="5.10" departSpeed="0.00" departDelay="0.00" arrival="255.00" arrivalLane="260318194#0.1430_1" arrivalPos="56.80" arrivalSpeed="16.23" duration="255.00" routeLength="3846.98" waitingTime="3.00" waitingCount="2" stopTime="0.00" timeLoss="29.20" rerouteNo="0" devices="tripinfo_f_4.0" vType="DEFAULT_VEHTYPE" speedFactor="1.03" vaporized=""/>
    <tripinfo id="f_4.6" depart="11.00" departLane="430094884#0_2" departPos="5.10" departSpeed="0.00" departDelay="0.20" arrival="255.00" arrivalLane="260318194#0.1430_0" arrivalPos="56.80" arrivalSpeed="16.93" duration="244.00" routeLength="3846.98" waitingTime="0.00" waitingCount="0" stopTime="0.00" timeLoss="22.24" rerouteNo="0" devices="tripinfo_f_4.6" vType="DEFAULT_VEHTYPE" speedFactor="1.04" vaporized=""/>
    <tripinfo id="f_12.2" depart="21.00" departLane="-382642090#1_0" departPos="5.10" departSpeed="0.00" departDelay="3.00" arrival="255.00" arrivalLane="1333603841_0" arrivalPos="394.58" arrivalSpeed="16.40" duration="234.00" routeLength="3457.11" waitingTime="12.00" waitingCount="1" stopTime="0.00" timeLoss="33.87" rerouteNo="0" devices="tripinfo_f_12.2" vType="DEFAULT_VEHTYPE" speedFactor="1.04" vaporized=""/>
    <tripinfo id="f_6.61" depart="183.00" departLane="620382518#0_3" departPos="88.90" departSpeed="17.25" departDelay="0.00" arrival="255.00" arrivalLane="806873922_0" arrivalPos="786.16" arrivalSpeed="16.95" duration="72.00" routeLength="1032.10" waitingTime="0.00" waitingCount="0" stopTime="0.00" timeLoss="11.66" rerouteNo="0" devices="tripinfo_f_6.61" vType="DEFAULT_VEHTYPE" speedFactor="1.03" vaporized=""/>
    <tripinfo id="f_3.4" depart="12.00" departLane="28057733_1" departPos="5.10" departSpeed="0.00" departDelay="0.00" arrival="257.00" arrivalLane="806873922_1" arrivalPos="786.16" arrivalSpeed="16.24" duration="245.00" routeLength="2453.24" waitingTime="54.00" waitingCount="7" stopTime="0.00" timeLoss="97.32" rerouteNo="1" devices="tripinfo_f_3.4 routing_f_3.4" vType="DEFAULT_VEHTYPE" speedFactor="1.00" vaporized=""/>
    <tripinfo id="f_14.3" depart="14.00" departLane="196896350_0" departPos="5.10" departSpeed="0.00" departDelay="0.50" arrival="257.00" arrivalLane="86398265#3_0" arrivalPos="112.42" arrivalSpeed="17.65" duration="243.00" routeLength="3834.38" waitingTime="10.00" waitingCount="2" stopTime="0.00" timeLoss="32.25" rerouteNo="1" devices="tripinfo_f_14.3 routing_f_14.3" vType="DEFAULT_VEHTYPE" speedFactor="1.10" vaporized=""/>
    <tripinfo id="f_4.2" depart="4.00" departLane="430094884#0_2" departPos="5.10" departSpeed="0.00" departDelay="0.40" arrival="258.00" arrivalLane="260318194#0.1430_0" arrivalPos="56.80" arrivalSpeed="16.56" duration="254.00" routeLength="3846.98" waitingTime="0.00" waitingCount="0" stopTime="0.00" timeLoss="27.14" rerouteNo="0" devices="tripinfo_f_4.2" vType="DEFAULT_VEHTYPE" speedFactor="1.02" vaporized=""/>
    <tripinfo id="f_6.54" depart="162.00" departLane="620382518#0_3" departPos="27.40" departSpeed="10.96" departDelay="0.00" arrival="259.00" arrivalLane="806873922_0" arrivalPos="786.16" arrivalSpeed="12.76" duration="97.00" routeLength="1093.60" waitingTime="4.00" waitingCount="2" stopTime="0.00" timeLoss="18.25" rerouteNo="0" devices="tripinfo_f_6.54" vType="DEFAULT_VEHTYPE" speedFactor="0.83" vaporized=""/>
    <tripinfo id="f_11.10" depart="45.00" departLane="28057733_0" departPos="5.10" departSpeed="0.00" departDelay="0.00" arrival="260.00" arrivalLane="260318194#0.1430_0" arrivalPos="56.80" arrivalSpeed="16.35" duration="215.00" routeLength="2028.12" waitingTime="50.00" waitingCount="7" stopTime="0.00" timeLoss="95.90" rerouteNo="1" devices="tripinfo_f_11.10 routing_f_11.10" vType="DEFAULT_VEHTYPE" speedFactor="1.03" vaporized=""/>
    <tripinfo id="f_13.2" depart="36.00" departLane="-382642090#1_0" departPos="5.10" departSpeed="0.00" departDelay="0.00" arrival="261.00" arrivalLane="806873922_1" arrivalPos="786.16" arrivalSpeed="15.62" duration="225.00" routeLength="2447.03" waitingTime="53.00" waitingCount="2" stopTime="0.00" timeLoss="79.05" rerouteNo="1" devices="tripinfo_f_13.2 routing_f_13.2" vType="DEFAULT_VEHTYPE" speedFactor="1.01" vaporized=""/>
    <tripinfo id="f_6.58" depart="174.00" departLane="620382518#0_2" departPos="63.80" departSpeed="2.98" departDelay="0.00" arrival="261.00" arrivalLane="806873922_0" arrivalPos="786.16" arrivalSpeed="14.95" duration="87.00" routeLength="1060.08" waitingTime="0.00" waitingCount="0" stopTime="0.00" timeLoss="15.64" rerouteNo="0" devices="tripinfo_f_6.58" vType="DEFAULT_VEHTYPE" speedFactor="0.90" vaporized=""/>
    <tripinfo id="f_4.11" depart="20.00" departLane="430094884#0_0" departPos="5.10" departSpeed="0.00" departDelay="0.20" arrival="263.00" arrivalLane="260318194#0.1430_0" arrivalPos="56.80" arrivalSpeed="16.84" duration="243.00" routeLength="3846.98" waitingTime="0.00" waitingCount="0" stopTime="0.00" timeLoss="19.23" rerouteNo="0" devices="tripinfo_f_4.11" vType="DEFAULT_VEHTYPE" speedFactor="1.03" vaporized=""/>
    <tripinfo id="f_3.5" depart="15.00" departLane="28057733_1" departPos="5.10" departSpeed="0.00" departDelay="0.00" arrival="265.00" arrivalLane="806873922_0" arrivalPos="786.16" arrivalSpeed="16.72" duration="250.00" routeLength="2453.24" waitingTime="51.00" waitingCount="7" stopTime="0.00" timeLoss="102.71" rerouteNo="1" devices="tripinfo_f_3.5 routing_f_3.5" vType="DEFAULT_VEHTYPE" speedFactor="1.00" vaporized=""/>
    <tripinfo id="f_1.1" depart="3.00" departLane="1333603839_1" departPos="200.54" departSpeed="14.28" departDelay="0.60" arrival="266.00" arrivalLane="27635063#4_0" arrivalPos="711.55" arrivalSpeed="14.53" duration="263.00" routeLength="3281.11" waitingTime="27.00" waitingCount="3" stopTime="0.00" timeLoss="52.46" rerouteNo="0" devices="tripinfo_f_1.1" vType="DEFAULT_VEHTYPE" speedFactor="0.94" vaporized=""/>
    <tripinfo id="f_14.2" depart="9.00" departLane="196896350_0" departPos="5.10" departSpeed="0.00" departDelay="0.00" arrival="266.00" arrivalLane="86398265#3_0" arrivalPos="112.42" arrivalSpeed="16.45" duration="257.00" routeLength="3834.38" waitingTime="7.00" waitingCount="2" stopTime="0.00" timeLoss="30.48" rerouteNo="1" devices="tripinfo_f_14.2 routing_f_14.2" vType="DEFAULT_VEHTYPE" speedFactor="1.02" vaporized=""/>
    <tripinfo id="f_10.4" depart="36.00" departLane="-725375416#6_0" departPos="5.10" departSpeed="0.00" departDelay="7.20" arrival="266.00" arrivalLane="-1163561344_0" arrivalPos="585.89" arrivalSpeed="16.72" duration="230.00" routeLength="2497.74" waitingTime="46.00" waitingCount="5" stopTime="0.00" timeLoss="88.71" rerouteNo="0" devices="tripinfo_f_10.4" vType="DEFAULT_VEHTYPE" speedFactor="1.07" vaporized=""/>
    <tripinfo id="f_5.16" depart="77.00" departLane="311744445#0_0" departPos="5.10" departSpeed="0.00" departDelay="0.20" arrival="268.00" arrivalLane="260318194#0.1430_2" arrivalPos="56.80" arrivalSpeed="18.88" duration="191.00" routeLength="2805.31" waitingTime="16.00" waitingCount="5" stopTime="0.00" timeLoss="50.59" rerouteNo="1" devices="tripinfo_f_5.16 routing_f_5.16" vType="DEFAULT_VEHTYPE" speedFactor="1.21" vaporized=""/>
    <tripinfo id="f_4.10" depart="18.00" departLane="430094884#0_3" departPos="5.10" departSpeed="0.00" departDelay="0.00" arrival="269.00" arrivalLane="260318194#0.1430_1" arrivalPos="56.80" arrivalSpeed="16.55" duration="251.00" routeLength="3846.98" waitingTime="5.00" waitingCount="2" stopTime="0.00" timeLoss="24.72" rerouteNo="0" devices="tripinfo_f_4.10" vType="DEFAULT_VEHTYPE" speedFactor="1.02" vaporized=""/>
    <tripinfo id="f_5.15" depart="72.00" departLane="311744445#0_1" departPos="5.10" departSpeed="0.00" departDelay="0.00" arrival="269.00" arrivalLane="260318194#0.1430_0" arrivalPos="56.80" arrivalSpeed="16.09" duration="197.00" routeLength="2810.54" waitingTime="7.00" waitingCount="2" stopTime="0.00" timeLoss="29.94" rerouteNo="1" devices="tripinfo_f_5.15 routing_f_5.15" vType="DEFAULT_VEHTYPE" speedFactor="1.01" vaporized=""/>
    <tripinfo id="f_13.3" depart="54.00" departLane="-382642090#1_0" departPos="5.10" departSpeed="0.00" departDelay="0.00" arrival="270.00" arrivalLane="806873922_0" arrivalPos="786.16" arrivalSpeed="14.16" duration="216.00" routeLength="2447.03" waitingTime="28.00" waitingCount="1" stopTime="0.00" timeLoss="47.81" rerouteNo="1" devices="tripinfo_f_13.3 routing_f_13.3" vType="DEFAULT_VEHTYPE" speedFactor="0.87" vaporized=""/>
    <tripinfo id="f_13.5" depart="90.00" departLane="-382642090#1_0" departPos="5.10" departSpeed="0.00" departDelay="0.00" arrival="270.00" arrivalLane="806873922_1" arrivalPos="786.16" arrivalSpeed="16.05" duration="180.00" routeLength="2447.03" waitingTime="3.00" waitingCount="2" stopTime="0.00" timeLoss="28.60" rerouteNo="1" devices="tripinfo_f_13.5 routing_f_13.5" vType="DEFAULT_VEHTYPE" speedFactor="0.98" vaporized=""/>
    <tripinfo id="f_14.9" depart="41.00" departLane="196896350_0" departPos="5.10" departSpeed="0.00" departDelay="0.50" arrival="271.00" arrivalLane="86398265#3_0" arrivalPos="112.42" arrivalSpeed="19.23" duration="230.00" routeLength="3834.38" waitingTime="10.00" waitingCount="2" stopTime="0.00" timeLoss="33.90" rerouteNo="1" devices="tripinfo_f_14.9 routing_f_14.9" vType="DEFAULT_VEHTYPE" speedFactor="1.18" vaporized=""/>
    <tripinfo id="f_5.12" depart="58.00" departLane="311744445#0_0" departPos="5.10" departSpeed="0.00" departDelay="0.40" arrival="271.00" arrivalLane="260318194#0.1430_1" arrivalPos="56.80" arrivalSpeed="17.15" duration="213.00" routeLength="2810.54" waitingTime="13.00" waitingCount="4" stopTime="0.00" timeLoss="48.80" rerouteNo="1" devices="tripinfo_f_5.12 routing_f_5.12" vType="DEFAULT_VEHTYPE" speedFactor="1.04" vaporized=""/>
    <tripinfo id="f_1.9" depart="22.00" departLane="1333603839_1" departPos="336.38" departSpeed="16.23" departDelay="0.40" arrival="272.00" arrivalLane="27635063#4_1" arrivalPos="711.55" arrivalSpeed="17.06" duration="250.00" routeLength="3145.27" waitingTime="27.00" waitingCount="9" stopTime="0.00" timeLoss="76.09" rerouteNo="0" devices="tripinfo_f_1.9" vType="DEFAULT_VEHTYPE" speedFactor="1.09" vaporized=""/>
    <tripinfo id="f_14.7" depart="32.00" departLane="196896350_0" departPos="5.10" departSpeed="0.00" departDelay="0.50" arrival="272.00" arrivalLane="86398265#3_1" arrivalPos="112.42" arrivalSpeed="17.94" duration="240.00" routeLength="3834.38" waitingTime="15.00" waitingCount="2" stopTime="0.00" timeLoss="40.19" rerouteNo="1" devices="tripinfo_f_14.7 routing_f_14.7" vType="DEFAULT_VEHTYPE" speedFactor="1.15" vaporized=""/>
    <tripinfo id="f_7.13" depart="60.00" departLane="-725375416#6_0" departPos="5.10" departSpeed="0.00" departDelay="13.20" arrival="272.00" arrivalLane="1333603841_1" arrivalPos="394.58" arrivalSpeed="16.56" duration="212.00" routeLength="2766.49" waitingTime="8.00" waitingCount="1" stopTime="0.00" timeLoss="50.54" rerouteNo="0" devices="tripinfo_f_7.13" vType="DEFAULT_VEHTYPE" speedFactor="1.03" vaporized=""/>
    <tripinfo id="f_1.10" depart="24.00" departLane="1333603839_1" departPos="13.23" departSpeed="16.49" departDelay="0.00" arrival="273.00" arrivalLane="27635063#4_0" arrivalPos="711.55" arrivalSpeed="16.15" duration="249.00" routeLength="3468.42" waitingTime="16.00" waitingCount="3" stopTime="0.00" timeLoss="42.14" rerouteNo="0" devices="tripinfo_f_1.10" vType="DEFAULT_VEHTYPE" speedFactor="1.01" vaporized=""/>
    <tripinfo id="veh435" depart="105.00" departLane="-173093798_1" departPos="5.10" departSpeed="0.00" departDelay="0.81" arrival="273.00" arrivalLane="86398265#0_0" arrivalPos="110.63" arrivalSpeed="17.26" duration="168.00" routeLength="2381.17" waitingTime="11.00" waitingCount="4" stopTime="0.00" timeLoss="36.44" rerouteNo="1" devices="tripinfo_veh435 routing_veh435" vType="veh_passenger" speedFactor="1.10" vaporized=""/>
    <tripinfo id="f_7.14" depart="66.00" departLane="-725375416#6_0" departPos="5.10" departSpeed="0.00" departDelay="15.60" arrival="274.00" arrivalLane="1333603841_1" arrivalPos="394.58" arrivalSpeed="17.81" duration="208.00" routeLength="2766.49" waitingTime="6.00" waitingCount="1" stopTime="0.00" timeLoss="55.61" rerouteNo="0" devices="tripinfo_f_7.14" vType="DEFAULT_VEHTYPE" speedFactor="1.10" vaporized=""/>
    <tripinfo id="f_6.62" depart="186.00" departLane="620382518#0_3" departPos="40.91" departSpeed="8.02" departDelay="0.00" arrival="274.00" arrivalLane="806873922_0" arrivalPos="786.16" arrivalSpeed="14.75" duration="88.00" routeLength="1080.09" waitingTime="7.00" waitingCount="1" stopTime="0.00" timeLoss="19.75" rerouteNo="0" devices="tripinfo_f_6.62" vType="DEFAULT_VEHTYPE" speedFactor="0.95" vaporized=""/>
    <tripinfo id="f_6.64" depart="192.00" departLane="620382518#0_3" departPos="79.14" departSpeed="13.46" departDelay="0.00" arrival="274.00" arrivalLane="806873922_1" arrivalPos="786.16" arrivalSpeed="16.20" duration="82.00" routeLength="1041.86" waitingTime="5.00" waitingCount="2" stopTime="0.00" timeLoss="18.57" rerouteNo="0" devices="tripinfo_f_6.64" vType="DEFAULT_VEHTYPE" speedFactor="1.00" vaporized=""/>
    <tripinfo id="f_3.7" depart="21.00" departLane="28057733_1" departPos="5.10" departSpeed="0.00" departDelay="0.00" arrival="276.00" arrivalLane="806873922_1" arrivalPos="786.16" arrivalSpeed="15.48" duration="255.00" routeLength="2453.24" waitingTime="49.00" waitingCount="6" stopTime="0.00" timeLoss="104.82" rerouteNo="1" devices="tripinfo_f_3.7 routing_f_3.7" vType="DEFAULT_VEHTYPE" speedFactor="0.98" vaporized=""/>
    <tripinfo id="f_4.15" depart="27.00" departLane="430094884#0_1" departPos="5.10" departSpeed="0.00" departDelay="0.00" arrival="276.00" arrivalLane="260318194#0.1430_1" arrivalPos="56.80" arrivalSpeed="17.05" duration="249.00" routeLength="3846.98" waitingTime="9.00" waitingCount="3" stopTime="0.00" timeLoss="37.89" rerouteNo="0" devices="tripinfo_f_4.15" vType="DEFAULT_VEHTYPE" speedFactor="1.10" vaporized=""/>
    <tripinfo id="f_7.12" depart="56.00" departLane="-725375416#6_0" departPos="5.10" departSpeed="0.00" departDelay="12.80" arrival="276.00" arrivalLane="1333603841_1" arrivalPos="394.58" arrivalSpeed="15.50" duration="220.00" routeLength="2766.49" waitingTime="13.00" waitingCount="2" stopTime="0.00" timeLoss="54.33" rerouteNo="0" devices="tripinfo_f_7.12" vType="DEFAULT_VEHTYPE" speedFactor="1.00" vaporized=""/>
    <tripinfo id="f_12.0" depart="3.00" departLane="-382642090#1_0" departPos="5.10" departSpeed="0.00" departDelay="3.00" arrival="277.00" arrivalLane="1333603841_0" arrivalPos="394.58" arrivalSpeed="13.56" duration="274.00" routeLength="3457.11" waitingTime="8.00" waitingCount="2" stopTime="0.00" timeLoss="31.63" rerouteNo="0" devices="tripinfo_f_12.0" vType="DEFAULT_VEHTYPE" speedFactor="0.86" vaporized=""/>
    <tripinfo id="f_11.11" depart="50.00" departLane="28057733_0" departPos="5.10" departSpeed="0.00" departDelay="0.50" arrival="277.00" arrivalLane="260318194#0.1430_0" arrivalPos="56.80" arrivalSpeed="14.07" duration="227.00" routeLength="2028.12" waitingTime="44.00" waitingCount="7" stopTime="0.00" timeLoss="92.44" rerouteNo="1" devices="tripinfo_f_11.11 routing_f_11.11" vType="DEFAULT_VEHTYPE" speedFactor="0.92" vaporized=""/>
    <tripinfo id="f_11.14" depart="63.00" departLane="28057733_0" departPos="5.10" departSpeed="0.00" departDelay="0.00" arrival="277.00" arrivalLane="260318194#0.1430_2" arrivalPos="56.80" arrivalSpeed="19.72" duration="214.00" routeLength="2028.12" waitingTime="38.00" waitingCount="8" stopTime="0.00" timeLoss="115.25" rerouteNo="1" devices="tripinfo_f_11.14 routing_f_11.14" vType="DEFAULT_VEHTYPE" speedFactor="1.24" vaporized=""/>
    <tripinfo id="f_14.8" depart="36.00" departLane="196896350_0" departPos="5.10" departSpeed="0.00" departDelay="0.00" arrival="278.00" arrivalLane="86398265#3_0" arrivalPos="112.42" arrivalSpeed="18.59" duration="242.00" routeLength="3834.38" waitingTime="11.00" waitingCount="2" stopTime="0.00" timeLoss="36.24" rerouteNo="1" devices="tripinfo_f_14.8 routing_f_14.8" vType="DEFAULT_VEHTYPE" speedFactor="1.12" vaporized=""/>
    <tripinfo id="f_11.12" depart="54.00" departLane="28057733_0" departPos="5.10" departSpeed="0.00" departDelay="0.00" arrival="278.00" arrivalLane="260318194#0.1430_1" arrivalPos="56.80" arrivalSpeed="16.75" duration="224.00" routeLength="2028.12" waitingTime="42.00" waitingCount="8" stopTime="0.00" timeLoss="104.96" rerouteNo="1" devices="tripinfo_f_11.12 routing_f_11.12" vType="DEFAULT_VEHTYPE" speedFactor="1.03" vaporized=""/>
    <tripinfo id="f_5.13" depart="63.00" departLane="311744445#0_1" departPos="5.10" departSpeed="0.00" departDelay="0.60" arrival="278.00" arrivalLane="260318194#0.1430_0" arrivalPos="56.80" arrivalSpeed="15.66" duration="215.00" routeLength="2805.31" waitingTime="10.00" waitingCount="3" stopTime="0.00" timeLoss="45.10" rerouteNo="1" devices="tripinfo_f_5.13 routing_f_5.13" vType="DEFAULT_VEHTYPE" speedFactor="0.99" vaporized=""/>
    <tripinfo id="f_3.6" depart="18.00" departLane="28057733_1" departPos="5.10" departSpeed="0.00" departDelay="0.00" arrival="279.00" arrivalLane="806873922_0" arrivalPos="786.16" arrivalSpeed="14.79" duration="261.00" routeLength="2453.24" waitingTime="52.00" waitingCount="8" stopTime="0.00" timeLoss="97.81" rerouteNo="1" devices="tripinfo_f_3.6 routing_f_3.6" vType="DEFAULT_VEHTYPE" speedFactor="0.91" vaporized=""/>
    <tripinfo id="f_12.5" depart="45.00" departLane="-382642090#1_0" departPos="5.10" departSpeed="0.00" departDelay="0.00" arrival="279.00" arrivalLane="1333603841_0" arrivalPos="394.58" arrivalSpeed="17.02" duration="234.00" routeLength="3457.11" waitingTime="18.00" waitingCount="4" stopTime="0.00" timeLoss="42.50" rerouteNo="0" devices="tripinfo_f_12.5" vType="DEFAULT_VEHTYPE" speedFactor="1.09" vaporized=""/>
    <tripinfo id="f_12.7" depart="63.00" departLane="-382642090#1_0" departPos="5.10" departSpeed="0.00" departDelay="0.00" arrival="279.00" arrivalLane="1333603841_1" arrivalPos="394.58" arrivalSpeed="18.48" duration="216.00" routeLength="3457.11" waitingTime="7.00" waitingCount="3" stopTime="0.00" timeLoss="33.72" rerouteNo="0" devices="tripinfo_f_12.7" vType="DEFAULT_VEHTYPE" speedFactor="1.14" vaporized=""/>
    <tripinfo id="f_6.60" depart="180.00" departLane="620382518#0_2" departPos="32.88" departSpeed="12.94" departDelay="0.00" arrival="280.00" arrivalLane="806873922_1" arrivalPos="786.16" arrivalSpeed="16.81" duration="100.00" routeLength="1091.00" waitingTime="20.00" waitingCount="3" stopTime="0.00" timeLoss="37.10" rerouteNo="0" devices="tripinfo_f_6.60" vType="DEFAULT_VEHTYPE" speedFactor="1.05" vaporized=""/>
    <tripinfo id="f_4.8" depart="15.00" departLane="430094884#0_1" departPos="5.10" departSpeed="0.00" departDelay="0.60" arrival="281.00" arrivalLane="260318194#0.1430_0" arrivalPos="56.80" arrivalSpeed="16.86" duration="266.00" routeLength="3846.98" waitingTime="9.00" waitingCount="3" stopTime="0.00" timeLoss="39.68" rerouteNo="0" devices="tripinfo_f_4.8" vType="DEFAULT_VEHTYPE" speedFactor="1.02" vaporized=""/>
    <tripinfo id="f_6.63" depart="189.00" departLane="620382518#0_3" departPos="12.49" departSpeed="7.50" departDelay="0.00" arrival="281.00" arrivalLane="806873922_0" arrivalPos="786.16" arrivalSpeed="16.10" duration="92.00" routeLength="1108.51" waitingTime="6.00" waitingCount="2" stopTime="0.00" timeLoss="24.42" rerouteNo="0" devices="tripinfo_f_6.63" vType="DEFAULT_VEHTYPE" speedFactor="1.00" vaporized=""/>
    <tripinfo id="f_4.4" depart="8.00" departLane="430094884#0_0" departPos="5.10" departSpeed="0.00" departDelay="0.80" arrival="284.00" arrivalLane="260318194#0.1430_1" arrivalPos="56.80" arrivalSpeed="15.47" duration="276.00" routeLength="3846.98" waitingTime="12.00" waitingCount="3" stopTime="0.00" timeLoss="46.06" rerouteNo="0" devices="tripinfo_f_4.4" vType="DEFAULT_VEHTYPE" speedFactor="1.01" vaporized=""/>
    <tripinfo id="f_5.14" depart="68.00" departLane="311744445#0_0" departPos="5.10" departSpeed="0.00" departDelay="0.80" arrival="285.00" arrivalLane="260318194#0.1430_0" arrivalPos="56.80" arrivalSpeed="15.32" duration="217.00" routeLength="2805.31" waitingTime="7.00" waitingCount="3" stopTime="0.00" timeLoss="42.75" rerouteNo="1" devices="tripinfo_f_5.14 routing_f_5.14" vType="DEFAULT_VEHTYPE" speedFactor="0.97" vaporized=""/>
    <tripinfo id="f_4.9" depart="17.00" departLane="430094884#0_2" departPos="5.10" departSpeed="0.00" departDelay="0.80" arrival="286.00" arrivalLane="260318194#0.1430_1" arrivalPos="56.80" arrivalSpeed="15.65" duration="269.00" routeLength="3846.98" waitingTime="2.00" waitingCount="1" stopTime="0.00" timeLoss="41.06" rerouteNo="0" devices="tripinfo_f_4.9" vType="DEFAULT_VEHTYPE" speedFactor="1.02" vaporized=""/>
    <tripinfo id="f_14.6" depart="27.00" departLane="196896350_0" departPos="5.10" departSpeed="0.00" departDelay="0.00" arrival="286.00" arrivalLane="86398265#3_0" arrivalPos="112.42" arrivalSpeed="17.26" duration="259.00" routeLength="3834.38" waitingTime="14.00" waitingCount="2" stopTime="0.00" timeLoss="41.11" rerouteNo="1" devices="tripinfo_f_14.6 routing_f_14.6" vType="DEFAULT_VEHTYPE" speedFactor="1.06" vaporized=""/>
    <tripinfo id="f_14.14" depart="63.00" departLane="196896350_0" departPos="5.10" departSpeed="0.00" departDelay="0.00" arrival="286.00" arrivalLane="86398265#3_1" arrivalPos="112.42" arrivalSpeed="18.30" duration="223.00" routeLength="3834.38" waitingTime="0.00" waitingCount="0" stopTime="0.00" timeLoss="14.77" rerouteNo="1" devices="tripinfo_f_14.14 routing_f_14.14" vType="DEFAULT_VEHTYPE" speedFactor="1.11" vaporized=""/>
    <tripinfo id="f_6.65" depart="195.00" departLane="620382518#0_3" departPos="77.64" departSpeed="11.67" departDelay="0.00" arrival="287.00" arrivalLane="806873922_0" arrivalPos="786.16" arrivalSpeed="15.91" duration="92.00" routeLength="1043.36" waitingTime="8.00" waitingCount="3" stopTime="0.00" timeLoss="29.73" rerouteNo="0" devices="tripinfo_f_6.65" vType="DEFAULT_VEHTYPE" speedFactor="1.02" vaporized=""/>
    <tripinfo id="f_8.1" depart="9.00" departLane="-725375416#6_1" departPos="5.10" departSpeed="0.00" departDelay="0.00" arrival="288.00" arrivalLane="260318194#0.1430_0" arrivalPos="56.80" arrivalSpeed="16.73" duration="279.00" routeLength="3378.47" waitingTime="37.00" waitingCount="6" stopTime="0.00" timeLoss="81.60" rerouteNo="0" devices="tripinfo_f_8.1" vType="DEFAULT_VEHTYPE" speedFactor="1.03" vaporized=""/>
    <tripinfo id="f_0.2" depart="12.00" departLane="1333603839_1" departPos="274.63" departSpeed="15.01" departDelay="0.00" arrival="291.00" arrivalLane="-376377928#2_0" arrivalPos="546.15" arrivalSpeed="14.10" duration="279.00" routeLength="3044.78" waitingTime="26.00" waitingCount="5" stopTime="0.00" timeLoss="74.66" rerouteNo="0" devices="tripinfo_f_0.2" vType="DEFAULT_VEHTYPE" speedFactor="0.90" vaporized=""/>
    <tripinfo id="f_4.20" depart="36.00" departLane="430094884#0_2" departPos="5.10" departSpeed="0.00" departDelay="0.00" arrival="291.00" arrivalLane="260318194#0.1430_0" arrivalPos="56.80" arrivalSpeed="18.53" duration="255.00" routeLength="3846.98" waitingTime="14.00" waitingCount="4" stopTime="0.00" timeLoss="49.68" rerouteNo="0" devices="tripinfo_f_4.20" vType="DEFAULT_VEHTYPE" speedFactor="1.13" vaporized=""/>
    <tripinfo id="f_6.68" depart="204.00" departLane="620382518#0_3" departPos="113.56" departSpeed="3.76" departDelay="0.00" arrival="291.00" arrivalLane="806873922_0" arrivalPos="786.16" arrivalSpeed="15.96" duration="87.00" routeLength="1007.44" waitingTime="4.00" waitingCount="3" stopTime="0.00" timeLoss="25.79" rerouteNo="0" devices="tripinfo_f_6.68" vType="DEFAULT_VEHTYPE" speedFactor="1.00" vaporized=""/>
    <tripinfo id="f_4.18" depart="33.00" departLane="430094884#0_0" departPos="5.10" departSpeed="0.00" departDelay="0.60" arrival="292.00" arrivalLane="260318194#0.1430_1" arrivalPos="56.80" arrivalSpeed="17.89" duration="259.00" routeLength="3846.98" waitingTime="16.00" waitingCount="4" stopTime="0.00" timeLoss="52.16" rerouteNo="0" devices="tripinfo_f_4.18" vType="DEFAULT_VEHTYPE" speedFactor="1.12" vaporized=""/>
    <tripinfo id="f_11.13" depart="59.00" departLane="28057733_0" departPos="5.10" departSpeed="0.00" departDelay="0.50" arrival="294.00" arrivalLane="260318194#0.1430_0" arrivalPos="56.80" arrivalSpeed="15.46" duration="235.00" routeLength="2028.12" waitingTime="42.00" waitingCount="8" stopTime="0.00" timeLoss="108.01" rerouteNo="1" devices="tripinfo_f_11.13 routing_f_11.13" vType="DEFAULT_VEHTYPE" speedFactor="0.97" vaporized=""/>
    <tripinfo id="f_3.8" depart="24.00" departLane="28057733_1" departPos="5.10" departSpeed="0.00" departDelay="0.00" arrival="295.00" arrivalLane="806873922_0" arrivalPos="786.16" arrivalSpeed="15.60" duration="271.00" routeLength="2453.24" waitingTime="58.00" waitingCount="7" stopTime="0.00" timeLoss="119.93" rerouteNo="1" devices="tripinfo_f_3.8 routing_f_3.8" vType="DEFAULT_VEHTYPE" speedFactor="0.98" vaporized=""/>
    <tripinfo id="f_13.6" depart="108.00" departLane="-382642090#1_0" departPos="5.10" departSpeed="0.00" departDelay="0.00" arrival="295.00" arrivalLane="806873922_1" arrivalPos="786.16" arrivalSpeed="17.20" duration="187.00" routeLength="2394.84" waitingTime="22.00" waitingCount="1" stopTime="0.00" timeLoss="52.47" rerouteNo="1" devices="tripinfo_f_13.6 routing_f_13.6" vType="DEFAULT_VEHTYPE" speedFactor="1.10" vaporized=""/>
    <tripinfo id="f_14.12" depart="56.00" departLane="196896350_0" departPos="5.10" departSpeed="0.00" departDelay="2.00" arrival="296.00" arrivalLane="86398265#3_0" arrivalPos="112.42" arrivalSpeed="17.13" duration="240.00" routeLength="3834.38" waitingTime="0.00" waitingCount="0" stopTime="0.00" timeLoss="23.74" rerouteNo="1" devices="tripinfo_f_14.12 routing_f_14.12" vType="DEFAULT_VEHTYPE" speedFactor="1.06" vaporized=""/>
    <tripinfo id="f_13.7" depart="126.00" departLane="-382642090#1_0" departPos="5.10" departSpeed="0.00" departDelay="0.00" arrival="296.00" arrivalLane="806873922_1" arrivalPos="786.16" arrivalSpeed="18.35" duration="170.00" routeLength="2394.84" waitingTime="16.00" waitingCount="2" stopTime="0.00" timeLoss="43.62" rerouteNo="1" devices="tripinfo_f_13.7 routing_f_13.7" vType="DEFAULT_VEHTYPE" speedFactor="1.17" vaporized=""/>
    <tripinfo id="f_7.15" depart="70.00" departLane="-725375416#6_0" departPos="5.10" departSpeed="0.00" departDelay="16.00" arrival="299.00" arrivalLane="1333603841_1" arrivalPos="394.58" arrivalSpeed="17.56" duration="229.00" routeLength="2766.49" waitingTime="26.00" waitingCount="3" stopTime="0.00" timeLoss="73.41" rerouteNo="0" devices="tripinfo_f_7.15" vType="DEFAULT_VEHTYPE" speedFactor="1.07" vaporized=""/>
</tripinfos>
