<?xml version="1.0" encoding="UTF-8"?>

<!-- generated on 2025-12-14T18:38:44.423965+03:00 by Eclipse SUMO GUI 1.25.0
<sumoConfiguration xmlns:xsi="http://www.w3.org/2001/XMLSchema-instance" xsi:noNamespaceSchemaLocation="http://sumo.dlr.de/xsd/sumoConfiguration.xsd">

    <input>
        <net-file value="C:\Users\ksuzh\my_project_v3\my_project_v3\my_project\smart_city\data\sumo\osm.net_cut.xml.gz.net"/>
        <route-files value="C:\Users\ksuzh\my_project_v3\my_project_v3\my_project\smart_city\data\sumo\osm.passenger.trips"/>
        <junction-taz value="true"/>
    </input>

    <output>
        <tripinfo-output value="C:\Users\ksuzh\my_project_v3\my_project_v3\my_project\smart_city\result\tripinfo_Q-learning_1765726723.xml"/>
        <statistic-output value="C:\Users\ksuzh\my_project_v3\my_project_v3\my_project\smart_city\data\sumo\output/stats.xml"/>
    </output>

    <processing>
        <ignore-route-errors value="true"/>
        <time-to-teleport value="300"/>
        <tls.actuated.jam-threshold value="30"/>
    </processing>

    <report>
        <verbose value="true"/>
        <no-warnings value="true"/>
        <duration-log.statistics value="true"/>
        <no-step-log value="true"/>
    </report>

    <traci_server>
        <remote-port value="49332"/>
    </traci_server>

    <gui_only>
        <quit-on-end value="true"/>
        <start value="true"/>
        <delay value="30"/>
    </gui_only>

</sumoConfiguration>
-->

<tripinfos xmlns:xsi="http://www.w3.org/2001/XMLSchema-instance" xsi:noNamespaceSchemaLocation="http://sumo.dlr.de/xsd/tripinfo_file.xsd">
    <tripinfo id="f_6.1" depart="3.00" departLane="620382518#0_3" departPos="88.00" departSpeed="16.67" departDelay="0.00" arrival="66.00" arrivalLane="806873922_0" arrivalPos="786.16" arrivalSpeed="19.11" duration="63.00" routeLength="1033.00" waitingTime="1.00" waitingCount="1" stopTime="0.00" timeLoss="8.90" rerouteNo="0" devices="tripinfo_f_6.1" vType="DEFAULT_VEHTYPE" speedFactor="1.16" vaporized=""/>
    <tripinfo id="f_6.0" depart="0.00" departLane="620382518#0_2" departPos="6.78" departSpeed="16.67" departDelay="0.00" arrival="69.00" arrivalLane="806873922_0" arrivalPos="786.16" arrivalSpeed="16.39" duration="69.00" routeLength="1117.10" waitingTime="0.00" waitingCount="0" stopTime="0.00" timeLoss="4.93" rerouteNo="0" devices="tripinfo_f_6.0" vType="DEFAULT_VEHTYPE" speedFactor="1.05" vaporized=""/>
    <tripinfo id="f_6.2" depart="6.00" departLane="620382518#0_2" departPos="36.92" departSpeed="15.52" departDelay="0.00" arrival="82.00" arrivalLane="806873922_0" arrivalPos="786.16" arrivalSpeed="14.96" duration="76.00" routeLength="1086.96" waitingTime="0.00" waitingCount="0" stopTime="0.00" timeLoss="5.36" rerouteNo="0" devices="tripinfo_f_6.2" vType="DEFAULT_VEHTYPE" speedFactor="0.93" vaporized=""/>
    <tripinfo id="f_6.5" depart="15.00" departLane="620382518#0_2" departPos="76.51" departSpeed="13.42" departDelay="0.00" arrival="83.00" arrivalLane="806873922_1" arrivalPos="786.16" arrivalSpeed="16.03" duration="68.00" routeLength="1047.37" waitingTime="0.00" waitingCount="0" stopTime="0.00" timeLoss="2.84" rerouteNo="0" devices="tripinfo_f_6.5" vType="DEFAULT_VEHTYPE" speedFactor="0.97" vaporized=""/>
    <tripinfo id="f_6.3" depart="9.00" departLane="620382518#0_3" departPos="0.90" departSpeed="15.01" departDelay="0.00" arrival="88.00" arrivalLane="806873922_0" arrivalPos="786.16" arrivalSpeed="14.51" duration="79.00" routeLength="1120.10" waitingTime="0.00" waitingCount="0" stopTime="0.00" timeLoss="4.12" rerouteNo="0" devices="tripinfo_f_6.3" vType="DEFAULT_VEHTYPE" speedFactor="0.90" vaporized=""/>
    <tripinfo id="f_6.6" depart="18.00" departLane="620382518#0_3" departPos="59.15" departSpeed="13.63" departDelay="0.00" arrival="89.00" arrivalLane="806873922_1" arrivalPos="786.16" arrivalSpeed="16.19" duration="71.00" routeLength="1061.85" waitingTime="2.00" waitingCount="1" stopTime="0.00" timeLoss="8.39" rerouteNo="0" devices="tripinfo_f_6.6" vType="DEFAULT_VEHTYPE" speedFactor="1.02" vaporized=""/>
    <tripinfo id="f_6.7" depart="21.00" departLane="620382518#0_2" departPos="45.01" departSpeed="13.91" departDelay="0.00" arrival="91.00" arrivalLane="806873922_0" arrivalPos="786.16" arrivalSpeed="16.12" duration="70.00" routeLength="1078.87" waitingTime="0.00" waitingCount="0" stopTime="0.00" timeLoss="5.62" rerouteNo="0" devices="tripinfo_f_6.7" vType="DEFAULT_VEHTYPE" speedFactor="1.01" vaporized=""/>
    <tripinfo id="f_6.9" depart="27.00" departLane="620382518#0_2" departPos="85.26" departSpeed="14.93" departDelay="0.00" arrival="93.00" arrivalLane="806873922_1" arrivalPos="786.16" arrivalSpeed="17.13" duration="66.00" routeLength="1038.62" waitingTime="0.00" waitingCount="0" stopTime="0.00" timeLoss="6.59" rerouteNo="0" devices="tripinfo_f_6.9" vType="DEFAULT_VEHTYPE" speedFactor="1.06" vaporized=""/>
    <tripinfo id="f_6.4" depart="12.00" departLane="620382518#0_2" departPos="8.99" departSpeed="14.25" departDelay="0.00" arrival="98.00" arrivalLane="806873922_0" arrivalPos="786.16" arrivalSpeed="13.15" duration="86.00" routeLength="1114.89" waitingTime="0.00" waitingCount="0" stopTime="0.00" timeLoss="7.10" rerouteNo="0" devices="tripinfo_f_6.4" vType="DEFAULT_VEHTYPE" speedFactor="0.85" vaporized=""/>
</tripinfos>
