<?xml version="1.0" encoding="UTF-8"?>

<!-- generated on 2025-12-14T18:38:35.474932+03:00 by Eclipse SUMO GUI 1.25.0
<sumoConfiguration xmlns:xsi="http://www.w3.org/2001/XMLSchema-instance" xsi:noNamespaceSchemaLocation="http://sumo.dlr.de/xsd/sumoConfiguration.xsd">

    <input>
        <net-file value="C:\Users\ksuzh\my_project_v3\my_project_v3\my_project\smart_city\data\sumo\osm.net_cut.xml.gz.net"/>
        <route-files value="C:\Users\ksuzh\my_project_v3\my_project_v3\my_project\smart_city\data\sumo\osm.passenger.trips"/>
        <junction-taz value="true"/>
    </input>

    <output>
        <tripinfo-output value="C:\Users\ksuzh\my_project_v3\my_project_v3\my_project\smart_city\result\tripinfo_Улучшенная алгоритмическая_1765726713.xml"/>
        <statistic-output value="C:\Users\ksuzh\my_project_v3\my_project_v3\my_project\smart_city\data\sumo\output/stats.xml"/>
    </output>

    <processing>
        <ignore-route-errors value="true"/>
        <time-to-teleport value="300"/>
        <tls.actuated.jam-threshold value="30"/>
    </processing>

    <report>
        <verbose value="true"/>
        <no-warnings value="true"/>
        <duration-log.statistics value="true"/>
        <no-step-log value="true"/>
    </report>

    <traci_server>
        <remote-port value="49330"/>
    </traci_server>

    <gui_only>
        <quit-on-end value="true"/>
        <start value="true"/>
        <delay value="30"/>
    </gui_only>

</sumoConfiguration>
-->

<tripinfos xmlns:xsi="http://www.w3.org/2001/XMLSchema-instance" xsi:noNamespaceSchemaLocation="http://sumo.dlr.de/xsd/tripinfo_file.xsd">
    <tripinfo id="f_6.1" depart="3.00" departLane="620382518#0_3" departPos="88.00" departSpeed="16.67" departDelay="0.00" arrival="62.00" arrivalLane="806873922_0" arrivalPos="786.16" arrivalSpeed="19.11" duration="59.00" routeLength="1033.00" waitingTime="0.00" waitingCount="0" stopTime="0.00" timeLoss="4.85" rerouteNo="0" devices="tripinfo_f_6.1" vType="DEFAULT_VEHTYPE" speedFactor="1.16" vaporized=""/>
    <tripinfo id="f_6.0" depart="0.00" departLane="620382518#0_2" departPos="6.78" departSpeed="16.67" departDelay="0.00" arrival="70.00" arrivalLane="806873922_0" arrivalPos="786.16" arrivalSpeed="17.42" duration="70.00" routeLength="1117.10" waitingTime="0.00" waitingCount="0" stopTime="0.00" timeLoss="5.16" rerouteNo="0" devices="tripinfo_f_6.0" vType="DEFAULT_VEHTYPE" speedFactor="1.05" vaporized=""/>
    <tripinfo id="f_6.2" depart="6.00" departLane="620382518#0_2" departPos="36.92" departSpeed="15.52" departDelay="0.00" arrival="80.00" arrivalLane="806873922_1" arrivalPos="786.16" arrivalSpeed="15.10" duration="74.00" routeLength="1086.96" waitingTime="0.00" waitingCount="0" stopTime="0.00" timeLoss="3.64" rerouteNo="0" devices="tripinfo_f_6.2" vType="DEFAULT_VEHTYPE" speedFactor="0.93" vaporized=""/>
    <tripinfo id="f_6.3" depart="9.00" departLane="620382518#0_3" departPos="111.14" departSpeed="15.01" departDelay="0.00" arrival="80.00" arrivalLane="806873922_0" arrivalPos="786.16" arrivalSpeed="14.86" duration="71.00" routeLength="1009.86" waitingTime="0.00" waitingCount="0" stopTime="0.00" timeLoss="3.37" rerouteNo="0" devices="tripinfo_f_6.3" vType="DEFAULT_VEHTYPE" speedFactor="0.90" vaporized=""/>
    <tripinfo id="f_6.5" depart="15.00" departLane="620382518#0_2" departPos="130.60" departSpeed="16.16" departDelay="0.00" arrival="82.00" arrivalLane="806873922_0" arrivalPos="786.16" arrivalSpeed="14.96" duration="67.00" routeLength="993.28" waitingTime="0.00" waitingCount="0" stopTime="0.00" timeLoss="4.86" rerouteNo="0" devices="tripinfo_f_6.5" vType="DEFAULT_VEHTYPE" speedFactor="0.97" vaporized=""/>
    <tripinfo id="f_6.6" depart="18.00" departLane="620382518#0_3" departPos="76.51" departSpeed="16.67" departDelay="0.00" arrival="85.00" arrivalLane="806873922_0" arrivalPos="786.16" arrivalSpeed="16.78" duration="67.00" routeLength="1044.49" waitingTime="0.00" waitingCount="0" stopTime="0.00" timeLoss="5.14" rerouteNo="0" devices="tripinfo_f_6.6" vType="DEFAULT_VEHTYPE" speedFactor="1.02" vaporized=""/>
    <tripinfo id="f_6.7" depart="21.00" departLane="620382518#0_2" departPos="94.49" departSpeed="16.67" departDelay="0.00" arrival="87.00" arrivalLane="806873922_1" arrivalPos="786.16" arrivalSpeed="16.51" duration="66.00" routeLength="1029.39" waitingTime="0.00" waitingCount="0" stopTime="0.00" timeLoss="4.15" rerouteNo="0" devices="tripinfo_f_6.7" vType="DEFAULT_VEHTYPE" speedFactor="1.01" vaporized=""/>
    <tripinfo id="f_6.4" depart="12.00" departLane="620382518#0_3" departPos="67.44" departSpeed="14.25" departDelay="0.00" arrival="90.00" arrivalLane="806873922_0" arrivalPos="786.16" arrivalSpeed="14.18" duration="78.00" routeLength="1056.44" waitingTime="0.00" waitingCount="0" stopTime="0.00" timeLoss="3.74" rerouteNo="0" devices="tripinfo_f_6.4" vType="DEFAULT_VEHTYPE" speedFactor="0.85" vaporized=""/>
    <tripinfo id="f_6.9" depart="27.00" departLane="620382518#0_2" departPos="23.73" departSpeed="16.67" departDelay="0.00" arrival="93.00" arrivalLane="806873922_0" arrivalPos="786.16" arrivalSpeed="17.61" duration="66.00" routeLength="1100.15" waitingTime="0.00" waitingCount="0" stopTime="0.00" timeLoss="3.58" rerouteNo="0" devices="tripinfo_f_6.9" vType="DEFAULT_VEHTYPE" speedFactor="1.06" vaporized=""/>
</tripinfos>
