<?xml version="1.0" encoding="UTF-8"?>

<!-- generated on 2025-12-14T18:07:03.345382+03:00 by Eclipse SUMO GUI 1.25.0
<sumoConfiguration xmlns:xsi="http://www.w3.org/2001/XMLSchema-instance" xsi:noNamespaceSchemaLocation="http://sumo.dlr.de/xsd/sumoConfiguration.xsd">

    <input>
        <net-file value="C:\Users\ksuzh\my_project_v3\my_project_v3\my_project\smart_city\data\sumo\osm.net_cut.xml.gz.net"/>
        <route-files value="C:\Users\ksuzh\my_project_v3\my_project_v3\my_project\smart_city\data\sumo\osm.passenger.trips"/>
        <junction-taz value="true"/>
    </input>

    <output>
        <tripinfo-output value="C:\Users\ksuzh\my_project_v3\my_project_v3\my_project\smart_city\result\tripinfo_full_1765724821.xml"/>
        <statistic-output value="C:\Users\ksuzh\my_project_v3\my_project_v3\my_project\smart_city\data\sumo\output/stats.xml"/>
    </output>

    <processing>
        <ignore-route-errors value="true"/>
        <time-to-teleport value="300"/>
        <tls.actuated.jam-threshold value="30"/>
    </processing>

    <report>
        <verbose value="true"/>
        <no-warnings value="true"/>
        <duration-log.statistics value="true"/>
        <no-step-log value="true"/>
    </report>

    <traci_server>
        <remote-port value="34037"/>
    </traci_server>

    <gui_only>
        <quit-on-end value="true"/>
        <start value="true"/>
        <delay value="100"/>
    </gui_only>

</sumoConfiguration>
-->

<tripinfos xmlns:xsi="http://www.w3.org/2001/XMLSchema-instance" xsi:noNamespaceSchemaLocation="http://sumo.dlr.de/xsd/tripinfo_file.xsd">
    <tripinfo id="f_6.1" depart="3.00" departLane="620382518#0_3" departPos="88.00" departSpeed="16.67" departDelay="0.00" arrival="66.00" arrivalLane="806873922_0" arrivalPos="786.16" arrivalSpeed="18.84" duration="63.00" routeLength="1033.00" waitingTime="2.00" waitingCount="1" stopTime="0.00" timeLoss="8.58" rerouteNo="0" devices="tripinfo_f_6.1" vType="DEFAULT_VEHTYPE" speedFactor="1.16" vaporized=""/>
    <tripinfo id="f_6.0" depart="0.00" departLane="620382518#0_2" departPos="6.78" departSpeed="16.67" departDelay="0.00" arrival="71.00" arrivalLane="806873922_0" arrivalPos="786.16" arrivalSpeed="17.44" duration="71.00" routeLength="1117.10" waitingTime="0.00" waitingCount="0" stopTime="0.00" timeLoss="6.44" rerouteNo="0" devices="tripinfo_f_6.0" vType="DEFAULT_VEHTYPE" speedFactor="1.05" vaporized=""/>
    <tripinfo id="f_6.2" depart="6.00" departLane="620382518#0_2" departPos="36.92" departSpeed="15.52" departDelay="0.00" arrival="82.00" arrivalLane="806873922_0" arrivalPos="786.16" arrivalSpeed="15.30" duration="76.00" routeLength="1086.96" waitingTime="0.00" waitingCount="0" stopTime="0.00" timeLoss="5.55" rerouteNo="0" devices="tripinfo_f_6.2" vType="DEFAULT_VEHTYPE" speedFactor="0.93" vaporized=""/>
    <tripinfo id="f_6.6" depart="18.00" departLane="620382518#0_3" departPos="76.51" departSpeed="16.67" departDelay="0.00" arrival="84.00" arrivalLane="806873922_1" arrivalPos="786.16" arrivalSpeed="16.67" duration="66.00" routeLength="1044.49" waitingTime="0.00" waitingCount="0" stopTime="0.00" timeLoss="4.70" rerouteNo="0" devices="tripinfo_f_6.6" vType="DEFAULT_VEHTYPE" speedFactor="1.02" vaporized=""/>
    <tripinfo id="f_6.3" depart="9.00" departLane="620382518#0_3" departPos="111.14" departSpeed="0.00" departDelay="0.00" arrival="86.00" arrivalLane="806873922_0" arrivalPos="786.16" arrivalSpeed="14.01" duration="77.00" routeLength="1009.86" waitingTime="0.00" waitingCount="0" stopTime="0.00" timeLoss="9.63" rerouteNo="0" devices="tripinfo_f_6.3" vType="DEFAULT_VEHTYPE" speedFactor="0.90" vaporized=""/>
    <tripinfo id="f_6.7" depart="21.00" departLane="620382518#0_2" departPos="94.49" departSpeed="11.78" departDelay="0.00" arrival="87.00" arrivalLane="806873922_1" arrivalPos="786.16" arrivalSpeed="16.46" duration="66.00" routeLength="1029.39" waitingTime="0.00" waitingCount="0" stopTime="0.00" timeLoss="4.21" rerouteNo="0" devices="tripinfo_f_6.7" vType="DEFAULT_VEHTYPE" speedFactor="1.01" vaporized=""/>
    <tripinfo id="f_6.5" depart="15.00" departLane="620382518#0_2" departPos="48.02" departSpeed="14.22" departDelay="0.00" arrival="90.00" arrivalLane="806873922_1" arrivalPos="786.16" arrivalSpeed="15.94" duration="75.00" routeLength="1075.86" waitingTime="0.00" waitingCount="0" stopTime="0.00" timeLoss="7.89" rerouteNo="0" devices="tripinfo_f_6.5" vType="DEFAULT_VEHTYPE" speedFactor="0.97" vaporized=""/>
    <tripinfo id="f_6.4" depart="12.00" departLane="620382518#0_2" departPos="67.44" departSpeed="14.25" departDelay="0.00" arrival="92.00" arrivalLane="806873922_0" arrivalPos="786.16" arrivalSpeed="13.93" duration="80.00" routeLength="1056.44" waitingTime="0.00" waitingCount="0" stopTime="0.00" timeLoss="5.84" rerouteNo="0" devices="tripinfo_f_6.4" vType="DEFAULT_VEHTYPE" speedFactor="0.85" vaporized=""/>
    <tripinfo id="f_6.9" depart="27.00" departLane="620382518#0_2" departPos="23.73" departSpeed="16.67" departDelay="0.00" arrival="97.00" arrivalLane="806873922_0" arrivalPos="786.16" arrivalSpeed="16.46" duration="70.00" routeLength="1097.27" waitingTime="0.00" waitingCount="0" stopTime="0.00" timeLoss="7.62" rerouteNo="0" devices="tripinfo_f_6.9" vType="DEFAULT_VEHTYPE" speedFactor="1.06" vaporized=""/>
    <tripinfo id="f_6.10" depart="30.00" departLane="620382518#0_2" departPos="102.19" departSpeed="15.46" departDelay="0.00" arrival="102.00" arrivalLane="806873922_0" arrivalPos="786.16" arrivalSpeed="14.94" duration="72.00" routeLength="1018.81" waitingTime="0.00" waitingCount="0" stopTime="0.00" timeLoss="5.29" rerouteNo="0" devices="tripinfo_f_6.10" vType="DEFAULT_VEHTYPE" speedFactor="0.93" vaporized=""/>
    <tripinfo id="f_6.8" depart="24.00" departLane="620382518#0_3" departPos="45.01" departSpeed="14.87" departDelay="0.00" arrival="106.00" arrivalLane="806873922_0" arrivalPos="786.16" arrivalSpeed="13.89" duration="82.00" routeLength="1078.87" waitingTime="2.00" waitingCount="1" stopTime="0.00" timeLoss="8.70" rerouteNo="0" devices="tripinfo_f_6.8" vType="DEFAULT_VEHTYPE" speedFactor="0.89" vaporized=""/>
    <tripinfo id="f_6.11" depart="33.00" departLane="620382518#0_3" departPos="33.28" departSpeed="9.13" departDelay="0.00" arrival="107.00" arrivalLane="806873922_0" arrivalPos="786.16" arrivalSpeed="16.49" duration="74.00" routeLength="1087.72" waitingTime="1.00" waitingCount="1" stopTime="0.00" timeLoss="8.98" rerouteNo="0" devices="tripinfo_f_6.11" vType="DEFAULT_VEHTYPE" speedFactor="1.01" vaporized=""/>
    <tripinfo id="f_6.13" depart="39.00" departLane="620382518#0_2" departPos="45.91" departSpeed="11.20" departDelay="0.00" arrival="107.00" arrivalLane="806873922_1" arrivalPos="786.16" arrivalSpeed="17.10" duration="68.00" routeLength="1077.97" waitingTime="0.00" waitingCount="0" stopTime="0.00" timeLoss="7.18" rerouteNo="0" devices="tripinfo_f_6.13" vType="DEFAULT_VEHTYPE" speedFactor="1.07" vaporized=""/>
    <tripinfo id="veh205" depart="50.00" departLane="196896350_0" departPos="5.10" departSpeed="0.00" departDelay="0.90" arrival="108.00" arrivalLane="150316518#0_0" arrivalPos="217.23" arrivalSpeed="11.75" duration="58.00" routeLength="698.48" waitingTime="0.00" waitingCount="0" stopTime="0.00" timeLoss="5.88" rerouteNo="1" devices="tripinfo_veh205 routing_veh205" vType="veh_passenger" speedFactor="0.87" vaporized=""/>
    <tripinfo id="f_6.14" depart="42.00" departLane="620382518#0_3" departPos="27.35" departSpeed="0.00" departDelay="0.00" arrival="112.00" arrivalLane="806873922_0" arrivalPos="786.16" arrivalSpeed="17.59" duration="70.00" routeLength="1093.65" waitingTime="0.00" waitingCount="0" stopTime="0.00" timeLoss="8.29" rerouteNo="0" devices="tripinfo_f_6.14" vType="DEFAULT_VEHTYPE" speedFactor="1.08" vaporized=""/>
    <tripinfo id="f_6.16" depart="48.00" departLane="620382518#0_2" departPos="11.93" departSpeed="13.59" departDelay="0.00" arrival="119.00" arrivalLane="806873922_0" arrivalPos="786.16" arrivalSpeed="17.12" duration="71.00" routeLength="1109.07" waitingTime="0.00" waitingCount="0" stopTime="0.00" timeLoss="9.25" rerouteNo="0" devices="tripinfo_f_6.16" vType="DEFAULT_VEHTYPE" speedFactor="1.08" vaporized=""/>
    <tripinfo id="f_6.17" depart="51.00" departLane="620382518#0_3" departPos="91.75" departSpeed="15.47" departDelay="0.00" arrival="125.00" arrivalLane="806873922_0" arrivalPos="786.16" arrivalSpeed="14.29" duration="74.00" routeLength="1029.25" waitingTime="0.00" waitingCount="0" stopTime="0.00" timeLoss="7.29" rerouteNo="0" devices="tripinfo_f_6.17" vType="DEFAULT_VEHTYPE" speedFactor="0.93" vaporized=""/>
    <tripinfo id="f_6.19" depart="57.00" departLane="620382518#0_3" departPos="15.62" departSpeed="6.19" departDelay="0.00" arrival="126.00" arrivalLane="806873922_0" arrivalPos="786.16" arrivalSpeed="18.39" duration="69.00" routeLength="1105.38" waitingTime="0.00" waitingCount="0" stopTime="0.00" timeLoss="8.68" rerouteNo="0" devices="tripinfo_f_6.19" vType="DEFAULT_VEHTYPE" speedFactor="1.10" vaporized=""/>
    <tripinfo id="f_6.21" depart="63.00" departLane="620382518#0_3" departPos="18.54" departSpeed="18.34" departDelay="0.00" arrival="128.00" arrivalLane="806873922_1" arrivalPos="786.16" arrivalSpeed="18.18" duration="65.00" routeLength="1102.46" waitingTime="0.00" waitingCount="0" stopTime="0.00" timeLoss="6.86" rerouteNo="0" devices="tripinfo_f_6.21" vType="DEFAULT_VEHTYPE" speedFactor="1.15" vaporized=""/>
    <tripinfo id="f_6.12" depart="36.00" departLane="620382518#0_2" departPos="88.93" departSpeed="12.23" departDelay="0.00" arrival="129.00" arrivalLane="806873922_0" arrivalPos="786.16" arrivalSpeed="11.44" duration="93.00" routeLength="1034.95" waitingTime="1.00" waitingCount="1" stopTime="0.00" timeLoss="8.17" rerouteNo="0" devices="tripinfo_f_6.12" vType="DEFAULT_VEHTYPE" speedFactor="0.73" vaporized=""/>
    <tripinfo id="f_6.18" depart="54.00" departLane="620382518#0_2" departPos="3.56" departSpeed="13.37" departDelay="0.00" arrival="129.00" arrivalLane="806873922_1" arrivalPos="786.16" arrivalSpeed="17.38" duration="75.00" routeLength="1120.32" waitingTime="0.00" waitingCount="0" stopTime="0.00" timeLoss="14.13" rerouteNo="0" devices="tripinfo_f_6.18" vType="DEFAULT_VEHTYPE" speedFactor="1.11" vaporized=""/>
    <tripinfo id="f_6.15" depart="45.00" departLane="620382518#0_2" departPos="4.15" departSpeed="11.59" departDelay="0.00" arrival="131.00" arrivalLane="806873922_1" arrivalPos="786.16" arrivalSpeed="14.45" duration="86.00" routeLength="1119.73" waitingTime="1.00" waitingCount="1" stopTime="0.00" timeLoss="9.87" rerouteNo="0" devices="tripinfo_f_6.15" vType="DEFAULT_VEHTYPE" speedFactor="0.89" vaporized=""/>
    <tripinfo id="f_6.20" depart="60.00" departLane="620382518#0_2" departPos="69.56" departSpeed="17.74" departDelay="0.00" arrival="132.00" arrivalLane="806873922_0" arrivalPos="786.16" arrivalSpeed="16.84" duration="72.00" routeLength="1054.32" waitingTime="2.00" waitingCount="1" stopTime="0.00" timeLoss="12.31" rerouteNo="0" devices="tripinfo_f_6.20" vType="DEFAULT_VEHTYPE" speedFactor="1.06" vaporized=""/>
    <tripinfo id="f_6.22" depart="66.00" departLane="620382518#0_2" departPos="55.43" departSpeed="5.39" departDelay="0.00" arrival="139.00" arrivalLane="806873922_0" arrivalPos="786.16" arrivalSpeed="15.39" duration="73.00" routeLength="1068.45" waitingTime="0.00" waitingCount="0" stopTime="0.00" timeLoss="6.63" rerouteNo="0" devices="tripinfo_f_6.22" vType="DEFAULT_VEHTYPE" speedFactor="0.97" vaporized=""/>
    <tripinfo id="f_11.0" depart="0.00" departLane="28057733_0" departPos="5.10" departSpeed="0.00" departDelay="0.00" arrival="142.00" arrivalLane="260318194#0.1430_0" arrivalPos="56.80" arrivalSpeed="15.01" duration="142.00" routeLength="2028.12" waitingTime="0.00" waitingCount="0" stopTime="0.00" timeLoss="10.78" rerouteNo="1" devices="tripinfo_f_11.0 routing_f_11.0" vType="DEFAULT_VEHTYPE" speedFactor="0.94" vaporized=""/>
    <tripinfo id="f_11.1" depart="5.00" departLane="28057733_0" departPos="5.10" departSpeed="0.00" departDelay="0.50" arrival="144.00" arrivalLane="260318194#0.1430_0" arrivalPos="56.80" arrivalSpeed="15.05" duration="139.00" routeLength="2028.12" waitingTime="0.00" waitingCount="0" stopTime="0.00" timeLoss="12.82" rerouteNo="1" devices="tripinfo_f_11.1 routing_f_11.1" vType="DEFAULT_VEHTYPE" speedFactor="0.97" vaporized=""/>
    <tripinfo id="f_6.24" depart="72.00" departLane="620382518#0_2" departPos="51.39" departSpeed="14.01" departDelay="0.00" arrival="145.00" arrivalLane="806873922_1" arrivalPos="786.16" arrivalSpeed="15.56" duration="73.00" routeLength="1072.49" waitingTime="0.00" waitingCount="0" stopTime="0.00" timeLoss="5.74" rerouteNo="0" devices="tripinfo_f_6.24" vType="DEFAULT_VEHTYPE" speedFactor="0.96" vaporized=""/>
    <tripinfo id="f_6.23" depart="69.00" departLane="620382518#0_3" departPos="58.27" departSpeed="15.54" departDelay="0.00" arrival="146.00" arrivalLane="806873922_0" arrivalPos="786.16" arrivalSpeed="14.30" duration="77.00" routeLength="1062.73" waitingTime="1.00" waitingCount="1" stopTime="0.00" timeLoss="7.55" rerouteNo="0" devices="tripinfo_f_6.23" vType="DEFAULT_VEHTYPE" speedFactor="0.93" vaporized=""/>
    <tripinfo id="f_6.25" depart="75.00" departLane="620382518#0_3" departPos="87.87" departSpeed="14.31" departDelay="0.00" arrival="146.00" arrivalLane="806873922_1" arrivalPos="786.16" arrivalSpeed="16.96" duration="71.00" routeLength="1033.13" waitingTime="0.00" waitingCount="0" stopTime="0.00" timeLoss="11.99" rerouteNo="0" devices="tripinfo_f_6.25" vType="DEFAULT_VEHTYPE" speedFactor="1.05" vaporized=""/>
    <tripinfo id="f_11.2" depart="9.00" departLane="28057733_0" departPos="5.10" departSpeed="0.00" departDelay="0.00" arrival="149.00" arrivalLane="260318194#0.1430_0" arrivalPos="56.80" arrivalSpeed="16.35" duration="140.00" routeLength="2028.12" waitingTime="2.00" waitingCount="1" stopTime="0.00" timeLoss="16.45" rerouteNo="1" devices="tripinfo_f_11.2 routing_f_11.2" vType="DEFAULT_VEHTYPE" speedFactor="0.99" vaporized=""/>
    <tripinfo id="f_11.3" depart="14.00" departLane="28057733_0" departPos="5.10" departSpeed="0.00" departDelay="0.50" arrival="150.00" arrivalLane="260318194#0.1430_1" arrivalPos="56.80" arrivalSpeed="16.54" duration="136.00" routeLength="2028.12" waitingTime="0.00" waitingCount="0" stopTime="0.00" timeLoss="15.55" rerouteNo="1" devices="tripinfo_f_11.3 routing_f_11.3" vType="DEFAULT_VEHTYPE" speedFactor="1.02" vaporized=""/>
    <tripinfo id="f_6.27" depart="81.00" departLane="620382518#0_2" departPos="95.63" departSpeed="15.73" departDelay="0.00" arrival="150.00" arrivalLane="806873922_0" arrivalPos="786.16" arrivalSpeed="17.42" duration="69.00" routeLength="1028.25" waitingTime="4.00" waitingCount="1" stopTime="0.00" timeLoss="11.46" rerouteNo="0" devices="tripinfo_f_6.27" vType="DEFAULT_VEHTYPE" speedFactor="1.09" vaporized=""/>
    <tripinfo id="f_6.29" depart="87.00" departLane="620382518#0_2" departPos="119.02" departSpeed="0.00" departDelay="0.00" arrival="151.00" arrivalLane="806873922_0" arrivalPos="786.16" arrivalSpeed="18.13" duration="64.00" routeLength="1004.86" waitingTime="0.00" waitingCount="0" stopTime="0.00" timeLoss="9.68" rerouteNo="0" devices="tripinfo_f_6.29" vType="DEFAULT_VEHTYPE" speedFactor="1.11" vaporized=""/>
    <tripinfo id="f_6.28" depart="84.00" departLane="620382518#0_3" departPos="24.98" departSpeed="16.67" departDelay="0.00" arrival="156.00" arrivalLane="806873922_0" arrivalPos="786.16" arrivalSpeed="16.36" duration="72.00" routeLength="1096.02" waitingTime="0.00" waitingCount="0" stopTime="0.00" timeLoss="8.45" rerouteNo="0" devices="tripinfo_f_6.28" vType="DEFAULT_VEHTYPE" speedFactor="1.04" vaporized=""/>
    <tripinfo id="f_6.26" depart="78.00" departLane="620382518#0_2" departPos="15.35" departSpeed="14.95" departDelay="0.00" arrival="159.00" arrivalLane="806873922_0" arrivalPos="786.16" arrivalSpeed="14.55" duration="81.00" routeLength="1105.65" waitingTime="0.00" waitingCount="0" stopTime="0.00" timeLoss="10.07" rerouteNo="0" devices="tripinfo_f_6.26" vType="DEFAULT_VEHTYPE" speedFactor="0.95" vaporized=""/>
    <tripinfo id="f_11.4" depart="18.00" departLane="28057733_0" departPos="5.10" departSpeed="0.00" departDelay="0.00" arrival="162.00" arrivalLane="260318194#0.1430_0" arrivalPos="56.80" arrivalSpeed="16.20" duration="144.00" routeLength="2028.12" waitingTime="5.00" waitingCount="1" stopTime="0.00" timeLoss="20.10" rerouteNo="1" devices="tripinfo_f_11.4 routing_f_11.4" vType="DEFAULT_VEHTYPE" speedFactor="0.99" vaporized=""/>
    <tripinfo id="f_11.6" depart="27.00" departLane="28057733_0" departPos="5.10" departSpeed="0.00" departDelay="0.00" arrival="164.00" arrivalLane="260318194#0.1430_0" arrivalPos="56.80" arrivalSpeed="16.90" duration="137.00" routeLength="2028.12" waitingTime="1.00" waitingCount="1" stopTime="0.00" timeLoss="24.93" rerouteNo="1" devices="tripinfo_f_11.6 routing_f_11.6" vType="DEFAULT_VEHTYPE" speedFactor="1.09" vaporized=""/>
    <tripinfo id="f_11.8" depart="36.00" departLane="28057733_0" departPos="5.10" departSpeed="0.00" departDelay="0.00" arrival="165.00" arrivalLane="260318194#0.1430_1" arrivalPos="56.80" arrivalSpeed="19.88" duration="129.00" routeLength="2028.12" waitingTime="0.00" waitingCount="0" stopTime="0.00" timeLoss="29.09" rerouteNo="1" devices="tripinfo_f_11.8 routing_f_11.8" vType="DEFAULT_VEHTYPE" speedFactor="1.23" vaporized=""/>
    <tripinfo id="f_11.5" depart="23.00" departLane="28057733_0" departPos="5.10" departSpeed="0.00" departDelay="0.50" arrival="171.00" arrivalLane="260318194#0.1430_0" arrivalPos="56.80" arrivalSpeed="15.31" duration="148.00" routeLength="2028.12" waitingTime="4.00" waitingCount="2" stopTime="0.00" timeLoss="20.36" rerouteNo="1" devices="tripinfo_f_11.5 routing_f_11.5" vType="DEFAULT_VEHTYPE" speedFactor="0.97" vaporized=""/>
    <tripinfo id="f_11.7" depart="32.00" departLane="28057733_0" departPos="5.10" departSpeed="0.00" departDelay="0.50" arrival="171.00" arrivalLane="260318194#0.1430_1" arrivalPos="56.80" arrivalSpeed="17.14" duration="139.00" routeLength="2028.12" waitingTime="0.00" waitingCount="0" stopTime="0.00" timeLoss="23.27" rerouteNo="1" devices="tripinfo_f_11.7 routing_f_11.7" vType="DEFAULT_VEHTYPE" speedFactor="1.06" vaporized=""/>
    <tripinfo id="f_6.31" depart="93.00" departLane="620382518#0_2" departPos="72.55" departSpeed="4.11" departDelay="0.00" arrival="176.00" arrivalLane="806873922_0" arrivalPos="786.16" arrivalSpeed="16.69" duration="83.00" routeLength="1048.45" waitingTime="2.00" waitingCount="2" stopTime="0.00" timeLoss="20.71" rerouteNo="0" devices="tripinfo_f_6.31" vType="DEFAULT_VEHTYPE" speedFactor="1.02" vaporized=""/>
    <tripinfo id="f_11.9" depart="41.00" departLane="28057733_0" departPos="5.10" departSpeed="0.00" departDelay="0.50" arrival="177.00" arrivalLane="260318194#0.1430_0" arrivalPos="56.80" arrivalSpeed="18.48" duration="136.00" routeLength="2028.12" waitingTime="0.00" waitingCount="0" stopTime="0.00" timeLoss="26.42" rerouteNo="1" devices="tripinfo_f_11.9 routing_f_11.9" vType="DEFAULT_VEHTYPE" speedFactor="1.12" vaporized=""/>
    <tripinfo id="f_6.33" depart="99.00" departLane="620382518#0_3" departPos="72.71" departSpeed="0.00" departDelay="0.00" arrival="177.00" arrivalLane="806873922_0" arrivalPos="786.16" arrivalSpeed="16.91" duration="78.00" routeLength="1048.29" waitingTime="2.00" waitingCount="1" stopTime="0.00" timeLoss="16.96" rerouteNo="0" devices="tripinfo_f_6.33" vType="DEFAULT_VEHTYPE" speedFactor="1.03" vaporized=""/>
    <tripinfo id="f_6.35" depart="105.00" departLane="620382518#0_2" departPos="48.24" departSpeed="14.43" departDelay="0.00" arrival="178.00" arrivalLane="806873922_1" arrivalPos="786.16" arrivalSpeed="17.80" duration="73.00" routeLength="1072.76" waitingTime="0.00" waitingCount="0" stopTime="0.00" timeLoss="14.84" rerouteNo="0" devices="tripinfo_f_6.35" vType="DEFAULT_VEHTYPE" speedFactor="1.11" vaporized=""/>
    <tripinfo id="f_6.37" depart="111.00" departLane="620382518#0_2" departPos="117.77" departSpeed="8.13" departDelay="0.00" arrival="180.00" arrivalLane="806873922_1" arrivalPos="786.16" arrivalSpeed="18.43" duration="69.00" routeLength="1006.11" waitingTime="0.00" waitingCount="0" stopTime="0.00" timeLoss="14.25" rerouteNo="0" devices="tripinfo_f_6.37" vType="DEFAULT_VEHTYPE" speedFactor="1.12" vaporized=""/>
    <tripinfo id="f_6.30" depart="90.00" departLane="620382518#0_3" departPos="98.24" departSpeed="13.75" departDelay="0.00" arrival="181.00" arrivalLane="806873922_0" arrivalPos="786.16" arrivalSpeed="12.66" duration="91.00" routeLength="1022.76" waitingTime="5.00" waitingCount="2" stopTime="0.00" timeLoss="15.76" rerouteNo="0" devices="tripinfo_f_6.30" vType="DEFAULT_VEHTYPE" speedFactor="0.82" vaporized=""/>
    <tripinfo id="f_6.32" depart="96.00" departLane="620382518#0_2" departPos="126.98" departSpeed="9.38" departDelay="0.00" arrival="182.00" arrivalLane="806873922_0" arrivalPos="786.16" arrivalSpeed="15.53" duration="86.00" routeLength="996.90" waitingTime="3.00" waitingCount="2" stopTime="0.00" timeLoss="24.71" rerouteNo="0" devices="tripinfo_f_6.32" vType="DEFAULT_VEHTYPE" speedFactor="0.98" vaporized=""/>
    <tripinfo id="f_6.36" depart="108.00" departLane="620382518#0_2" departPos="86.45" departSpeed="14.09" departDelay="0.00" arrival="182.00" arrivalLane="806873922_1" arrivalPos="786.16" arrivalSpeed="17.44" duration="74.00" routeLength="1037.43" waitingTime="0.00" waitingCount="0" stopTime="0.00" timeLoss="14.35" rerouteNo="0" devices="tripinfo_f_6.36" vType="DEFAULT_VEHTYPE" speedFactor="1.06" vaporized=""/>
    <tripinfo id="f_6.34" depart="102.00" departLane="620382518#0_2" departPos="30.95" departSpeed="15.07" departDelay="0.00" arrival="184.00" arrivalLane="806873922_1" arrivalPos="786.16" arrivalSpeed="14.66" duration="82.00" routeLength="1092.93" waitingTime="0.00" waitingCount="0" stopTime="0.00" timeLoss="8.87" rerouteNo="0" devices="tripinfo_f_6.34" vType="DEFAULT_VEHTYPE" speedFactor="0.90" vaporized=""/>
    <tripinfo id="f_3.0" depart="0.00" departLane="28057733_1" departPos="5.10" departSpeed="0.00" departDelay="0.00" arrival="185.00" arrivalLane="806873922_0" arrivalPos="786.16" arrivalSpeed="16.32" duration="185.00" routeLength="2453.24" waitingTime="24.00" waitingCount="2" stopTime="0.00" timeLoss="41.76" rerouteNo="1" devices="tripinfo_f_3.0 routing_f_3.0" vType="DEFAULT_VEHTYPE" speedFactor="1.03" vaporized=""/>
    <tripinfo id="f_7.0" depart="3.00" departLane="-725375416#6_0" departPos="5.10" departSpeed="0.00" departDelay="3.00" arrival="185.00" arrivalLane="1333603841_0" arrivalPos="394.58" arrivalSpeed="18.37" duration="182.00" routeLength="2766.49" waitingTime="4.00" waitingCount="1" stopTime="0.00" timeLoss="34.17" rerouteNo="0" devices="tripinfo_f_7.0" vType="DEFAULT_VEHTYPE" speedFactor="1.12" vaporized=""/>
    <tripinfo id="f_10.1" depart="9.00" departLane="-725375416#6_0" departPos="5.10" departSpeed="0.00" departDelay="1.80" arrival="186.00" arrivalLane="-1163561344_1" arrivalPos="585.89" arrivalSpeed="19.15" duration="177.00" routeLength="2494.89" waitingTime="7.00" waitingCount="3" stopTime="0.00" timeLoss="46.11" rerouteNo="0" devices="tripinfo_f_10.1" vType="DEFAULT_VEHTYPE" speedFactor="1.15" vaporized=""/>
    <tripinfo id="f_5.2" depart="10.00" departLane="311744445#0_0" departPos="5.10" departSpeed="0.00" departDelay="0.40" arrival="187.00" arrivalLane="260318194#0.1430_0" arrivalPos="56.80" arrivalSpeed="17.88" duration="177.00" routeLength="2810.54" waitingTime="3.00" waitingCount="1" stopTime="0.00" timeLoss="21.14" rerouteNo="1" devices="tripinfo_f_5.2 routing_f_5.2" vType="DEFAULT_VEHTYPE" speedFactor="1.09" vaporized=""/>
    <tripinfo id="f_10.0" depart="0.00" departLane="-725375416#6_0" departPos="5.10" departSpeed="0.00" departDelay="0.00" arrival="189.00" arrivalLane="-1163561344_0" arrivalPos="585.89" arrivalSpeed="15.31" duration="189.00" routeLength="2497.74" waitingTime="7.00" waitingCount="1" stopTime="0.00" timeLoss="27.26" rerouteNo="0" devices="tripinfo_f_10.0" vType="DEFAULT_VEHTYPE" speedFactor="0.94" vaporized=""/>
    <tripinfo id="f_11.10" depart="45.00" departLane="28057733_0" departPos="5.10" departSpeed="0.00" departDelay="0.00" arrival="189.00" arrivalLane="260318194#0.1430_0" arrivalPos="56.80" arrivalSpeed="16.52" duration="144.00" routeLength="2028.12" waitingTime="0.00" waitingCount="0" stopTime="0.00" timeLoss="24.67" rerouteNo="1" devices="tripinfo_f_11.10 routing_f_11.10" vType="DEFAULT_VEHTYPE" speedFactor="1.03" vaporized=""/>
    <tripinfo id="f_13.0" depart="0.00" departLane="-382642090#1_0" departPos="5.10" departSpeed="0.00" departDelay="0.00" arrival="191.00" arrivalLane="806873922_0" arrivalPos="786.16" arrivalSpeed="15.63" duration="191.00" routeLength="2447.03" waitingTime="24.00" waitingCount="2" stopTime="0.00" timeLoss="45.65" rerouteNo="1" devices="tripinfo_f_13.0 routing_f_13.0" vType="DEFAULT_VEHTYPE" speedFactor="1.01" vaporized=""/>
    <tripinfo id="f_7.2" depart="12.00" departLane="-725375416#6_0" departPos="5.10" departSpeed="0.00" departDelay="4.80" arrival="196.00" arrivalLane="1333603841_1" arrivalPos="394.58" arrivalSpeed="18.63" duration="184.00" routeLength="2769.34" waitingTime="2.00" waitingCount="1" stopTime="0.00" timeLoss="42.03" rerouteNo="0" devices="tripinfo_f_7.2" vType="DEFAULT_VEHTYPE" speedFactor="1.17" vaporized=""/>
    <tripinfo id="f_10.2" depart="18.00" departLane="-725375416#6_0" departPos="5.10" departSpeed="0.00" departDelay="3.60" arrival="198.00" arrivalLane="-1163561344_0" arrivalPos="585.89" arrivalSpeed="18.65" duration="180.00" routeLength="2494.89" waitingTime="10.00" waitingCount="3" stopTime="0.00" timeLoss="48.26" rerouteNo="0" devices="tripinfo_f_10.2" vType="DEFAULT_VEHTYPE" speedFactor="1.14" vaporized=""/>
    <tripinfo id="f_13.1" depart="18.00" departLane="-382642090#1_0" departPos="5.10" departSpeed="0.00" departDelay="0.00" arrival="198.00" arrivalLane="806873922_0" arrivalPos="786.16" arrivalSpeed="14.57" duration="180.00" routeLength="2447.03" waitingTime="2.00" waitingCount="1" stopTime="0.00" timeLoss="22.29" rerouteNo="1" devices="tripinfo_f_13.1 routing_f_13.1" vType="DEFAULT_VEHTYPE" speedFactor="0.94" vaporized=""/>
    <tripinfo id="f_6.38" depart="114.00" departLane="620382518#0_3" departPos="33.71" departSpeed="2.41" departDelay="0.00" arrival="198.00" arrivalLane="806873922_1" arrivalPos="786.16" arrivalSpeed="15.78" duration="84.00" routeLength="1087.29" waitingTime="8.00" waitingCount="1" stopTime="0.00" timeLoss="19.63" rerouteNo="0" devices="tripinfo_f_6.38" vType="DEFAULT_VEHTYPE" speedFactor="1.02" vaporized=""/>
    <tripinfo id="f_0.0" depart="0.00" departLane="1333603839_1" departPos="363.59" departSpeed="16.67" departDelay="0.00" arrival="199.00" arrivalLane="-376377928#2_0" arrivalPos="546.15" arrivalSpeed="16.80" duration="199.00" routeLength="2955.82" waitingTime="5.00" waitingCount="2" stopTime="0.00" timeLoss="28.39" rerouteNo="0" devices="tripinfo_f_0.0" vType="DEFAULT_VEHTYPE" speedFactor="1.05" vaporized=""/>
</tripinfos>
